,date,provinceNo,co
0,20200722,74.0,150
1,20200722,71.0,220
2,20200722,72.0,140
3,20200722,63.0,130
4,20200722,64.0,130
5,20200722,69.0,100
6,20200722,73.0,90
7,20200722,70.0,90
8,20200722,56.0,90
9,20200722,43.0,140
10,20200722,75.0,230
11,20200722,41.0,180
12,20200722,34.0,300
13,20200722,35.0,360
14,20200722,36.0,260
15,20200722,47.0,170
16,20200722,40.0,170
17,20200722,44.0,220
18,20200722,53.0,120
19,20200722,31.0,140
20,20200722,0.0,120
21,20200722,5.0,80
22,20200722,3.0,120
23,20200722,2.0,120
24,20200722,1.0,110
25,20200722,7.0,100
26,20200722,6.0,180
27,20200722,4.0,190
28,20200722,8.0,160
29,20200722,45.0,170
30,20200722,57.0,160
31,20200722,38.0,160
32,20200722,29.0,190
33,20200722,37.0,180
34,20200722,39.0,120
35,20200722,33.0,140
36,20200722,49.0,130
37,20200722,24.0,240
38,20200722,20.0,160
39,20200722,26.0,140
40,20200722,12.0,160
41,20200722,21.0,150
42,20200722,10.0,200
43,20200722,9.0,150
44,20200722,19.0,140
45,20200722,11.0,100
46,20200722,27.0,150
47,20200722,15.0,130
48,20200722,13.0,140
49,20200722,76.0,140
50,20200722,54.0,90
51,20200722,52.0,100
52,20200801,74.0,160
53,20200801,71.0,200
54,20200801,72.0,150
55,20200801,63.0,110
56,20200801,64.0,100
57,20200801,69.0,80
58,20200801,73.0,80
59,20200801,70.0,80
60,20200801,56.0,80
61,20200801,43.0,90
62,20200801,75.0,110
63,20200801,41.0,90
64,20200801,34.0,130
65,20200801,35.0,120
66,20200801,36.0,80
67,20200801,47.0,80
68,20200801,40.0,90
69,20200801,44.0,80
70,20200801,53.0,140
71,20200801,31.0,100
72,20200801,0.0,100
73,20200801,5.0,80
74,20200801,3.0,110
75,20200801,2.0,110
76,20200801,1.0,120
77,20200801,7.0,110
78,20200801,6.0,100
79,20200801,4.0,100
80,20200801,8.0,90
81,20200801,45.0,80
82,20200801,57.0,80
83,20200801,38.0,100
84,20200801,29.0,130
85,20200801,37.0,100
86,20200801,39.0,80
87,20200801,33.0,100
88,20200801,49.0,90
89,20200801,24.0,120
90,20200801,20.0,80
91,20200801,26.0,110
92,20200801,12.0,160
93,20200801,21.0,130
94,20200801,10.0,140
95,20200801,9.0,140
96,20200801,19.0,140
97,20200801,11.0,100
98,20200801,27.0,120
99,20200801,15.0,100
100,20200801,13.0,80
101,20200801,76.0,80
102,20200801,54.0,80
103,20200801,52.0,80
104,20200808,74.0,210
105,20200808,71.0,140
106,20200808,72.0,150
107,20200808,63.0,110
108,20200808,64.0,130
109,20200808,69.0,80
110,20200808,73.0,100
111,20200808,70.0,80
112,20200808,56.0,100
113,20200808,43.0,90
114,20200808,75.0,130
115,20200808,41.0,100
116,20200808,34.0,180
117,20200808,35.0,180
118,20200808,36.0,150
119,20200808,47.0,190
120,20200808,40.0,110
121,20200808,44.0,100
122,20200808,53.0,180
123,20200808,31.0,220
124,20200808,0.0,120
125,20200808,5.0,80
126,20200808,3.0,120
127,20200808,2.0,110
128,20200808,1.0,90
129,20200808,7.0,80
130,20200808,6.0,100
131,20200808,4.0,110
132,20200808,8.0,120
133,20200808,45.0,120
134,20200808,57.0,110
135,20200808,38.0,120
136,20200808,29.0,120
137,20200808,37.0,80
138,20200808,39.0,120
139,20200808,33.0,120
140,20200808,49.0,90
141,20200808,24.0,170
142,20200808,20.0,120
143,20200808,26.0,170
144,20200808,12.0,170
145,20200808,21.0,170
146,20200808,10.0,140
147,20200808,9.0,180
148,20200808,19.0,150
149,20200808,11.0,110
150,20200808,27.0,170
151,20200808,15.0,130
152,20200808,13.0,100
153,20200808,76.0,90
154,20200808,54.0,90
155,20200808,52.0,120
156,20200815,74.0,170
157,20200815,71.0,240
158,20200815,72.0,270
159,20200815,63.0,210
160,20200815,64.0,180
161,20200815,69.0,200
162,20200815,73.0,140
163,20200815,70.0,100
164,20200815,56.0,90
165,20200815,43.0,90
166,20200815,75.0,120
167,20200815,41.0,90
168,20200815,34.0,160
169,20200815,35.0,210
170,20200815,36.0,290
171,20200815,47.0,140
172,20200815,40.0,160
173,20200815,44.0,120
174,20200815,53.0,100
175,20200815,31.0,130
176,20200815,0.0,120
177,20200815,5.0,80
178,20200815,3.0,100
179,20200815,2.0,120
180,20200815,1.0,80
181,20200815,7.0,80
182,20200815,6.0,130
183,20200815,4.0,140
184,20200815,8.0,120
185,20200815,45.0,130
186,20200815,57.0,160
187,20200815,38.0,130
188,20200815,29.0,110
189,20200815,37.0,130
190,20200815,39.0,140
191,20200815,33.0,140
192,20200815,49.0,100
193,20200815,24.0,250
194,20200815,20.0,120
195,20200815,26.0,200
196,20200815,12.0,170
197,20200815,21.0,170
198,20200815,10.0,130
199,20200815,9.0,150
200,20200815,19.0,120
201,20200815,11.0,140
202,20200815,27.0,120
203,20200815,15.0,100
204,20200815,13.0,120
205,20200815,76.0,80
206,20200815,54.0,80
207,20200815,52.0,70
208,20200822,74.0,200
209,20200822,71.0,180
210,20200822,72.0,160
211,20200822,63.0,120
212,20200822,64.0,120
213,20200822,69.0,100
214,20200822,73.0,120
215,20200822,70.0,100
216,20200822,56.0,80
217,20200822,43.0,120
218,20200822,75.0,170
219,20200822,41.0,160
220,20200822,34.0,200
221,20200822,35.0,180
222,20200822,36.0,130
223,20200822,47.0,150
224,20200822,40.0,120
225,20200822,44.0,100
226,20200822,53.0,200
227,20200822,31.0,210
228,20200822,0.0,160
229,20200822,5.0,80
230,20200822,3.0,160
231,20200822,2.0,140
232,20200822,1.0,180
233,20200822,7.0,160
234,20200822,6.0,160
235,20200822,4.0,190
236,20200822,8.0,120
237,20200822,45.0,150
238,20200822,57.0,90
239,20200822,38.0,130
240,20200822,29.0,160
241,20200822,37.0,140
242,20200822,39.0,130
243,20200822,33.0,100
244,20200822,49.0,100
245,20200822,24.0,200
246,20200822,20.0,150
247,20200822,26.0,210
248,20200822,12.0,180
249,20200822,21.0,200
250,20200822,10.0,140
251,20200822,9.0,160
252,20200822,19.0,160
253,20200822,11.0,120
254,20200822,27.0,140
255,20200822,15.0,150
256,20200822,13.0,130
257,20200822,76.0,120
258,20200822,54.0,100
259,20200822,52.0,80
260,20200901,74.0,210
261,20200901,71.0,200
262,20200901,72.0,140
263,20200901,63.0,110
264,20200901,64.0,80
265,20200901,69.0,80
266,20200901,73.0,80
267,20200901,70.0,70
268,20200901,56.0,150
269,20200901,43.0,160
270,20200901,75.0,310
271,20200901,41.0,230
272,20200901,34.0,390
273,20200901,35.0,440
274,20200901,36.0,290
275,20200901,47.0,280
276,20200901,40.0,230
277,20200901,44.0,200
278,20200901,53.0,120
279,20200901,31.0,170
280,20200901,0.0,140
281,20200901,5.0,160
282,20200901,3.0,170
283,20200901,2.0,180
284,20200901,1.0,220
285,20200901,7.0,200
286,20200901,6.0,210
287,20200901,4.0,220
288,20200901,8.0,210
289,20200901,45.0,190
290,20200901,57.0,160
291,20200901,38.0,190
292,20200901,29.0,180
293,20200901,37.0,140
294,20200901,39.0,200
295,20200901,33.0,250
296,20200901,49.0,270
297,20200901,24.0,190
298,20200901,20.0,170
299,20200901,26.0,190
300,20200901,12.0,120
301,20200901,21.0,150
302,20200901,10.0,210
303,20200901,9.0,180
304,20200901,19.0,200
305,20200901,11.0,180
306,20200901,27.0,140
307,20200901,15.0,170
308,20200901,13.0,160
309,20200901,76.0,90
310,20200901,54.0,80
311,20200901,52.0,90
312,20200908,74.0,160
313,20200908,71.0,170
314,20200908,72.0,170
315,20200908,63.0,100
316,20200908,64.0,110
317,20200908,69.0,100
318,20200908,73.0,100
319,20200908,70.0,60
320,20200908,56.0,120
321,20200908,43.0,90
322,20200908,75.0,150
323,20200908,41.0,110
324,20200908,34.0,220
325,20200908,35.0,290
326,20200908,36.0,260
327,20200908,47.0,140
328,20200908,40.0,180
329,20200908,44.0,100
330,20200908,53.0,120
331,20200908,31.0,140
332,20200908,0.0,120
333,20200908,5.0,80
334,20200908,3.0,120
335,20200908,2.0,120
336,20200908,1.0,170
337,20200908,7.0,130
338,20200908,6.0,130
339,20200908,4.0,120
340,20200908,8.0,130
341,20200908,45.0,140
342,20200908,57.0,110
343,20200908,38.0,110
344,20200908,29.0,180
345,20200908,37.0,150
346,20200908,39.0,100
347,20200908,33.0,110
348,20200908,49.0,110
349,20200908,24.0,200
350,20200908,20.0,160
351,20200908,26.0,220
352,20200908,12.0,190
353,20200908,21.0,200
354,20200908,10.0,160
355,20200908,9.0,220
356,20200908,19.0,210
357,20200908,11.0,120
358,20200908,27.0,170
359,20200908,15.0,110
360,20200908,13.0,120
361,20200908,76.0,80
362,20200908,54.0,80
363,20200908,52.0,70
364,20200915,74.0,210
365,20200915,71.0,150
366,20200915,72.0,140
367,20200915,63.0,80
368,20200915,64.0,100
369,20200915,69.0,80
370,20200915,73.0,80
371,20200915,70.0,60
372,20200915,56.0,140
373,20200915,43.0,120
374,20200915,75.0,220
375,20200915,41.0,140
376,20200915,34.0,330
377,20200915,35.0,400
378,20200915,36.0,280
379,20200915,47.0,120
380,20200915,40.0,210
381,20200915,44.0,260
382,20200915,53.0,100
383,20200915,31.0,120
384,20200915,0.0,220
385,20200915,5.0,80
386,20200915,3.0,180
387,20200915,2.0,150
388,20200915,1.0,190
389,20200915,7.0,150
390,20200915,6.0,230
391,20200915,4.0,200
392,20200915,8.0,190
393,20200915,45.0,200
394,20200915,57.0,150
395,20200915,38.0,240
396,20200915,29.0,230
397,20200915,37.0,280
398,20200915,39.0,120
399,20200915,33.0,210
400,20200915,49.0,190
401,20200915,24.0,360
402,20200915,20.0,200
403,20200915,26.0,260
404,20200915,12.0,190
405,20200915,21.0,240
406,20200915,10.0,200
407,20200915,9.0,200
408,20200915,19.0,160
409,20200915,11.0,120
410,20200915,27.0,150
411,20200915,15.0,150
412,20200915,13.0,160
413,20200915,76.0,100
414,20200915,54.0,80
415,20200915,52.0,70
0,20200922,74.0,280
1,20200922,71.0,450
2,20200922,72.0,290
3,20200922,63.0,250
4,20200922,64.0,260
5,20200922,69.0,260
6,20200922,73.0,250
7,20200922,70.0,190
8,20200922,56.0,200
9,20200922,43.0,480
10,20200922,41.0,950
11,20200922,36.0,1010
12,20200922,47.0,460
13,20200922,44.0,1000
14,20200922,53.0,240
15,20200922,31.0,310
16,20200922,0.0,280
17,20200922,5.0,170
18,20200922,3.0,240
19,20200922,2.0,260
20,20200922,1.0,630
21,20200922,7.0,390
22,20200922,6.0,230
23,20200922,4.0,350
24,20200922,8.0,320
25,20200922,45.0,360
26,20200922,57.0,240
27,20200922,38.0,550
28,20200922,29.0,350
29,20200922,37.0,460
30,20200922,39.0,260
31,20200922,33.0,310
32,20200922,49.0,540
33,20200922,24.0,340
34,20200922,20.0,270
35,20200922,26.0,350
36,20200922,12.0,370
37,20200922,21.0,350
38,20200922,10.0,470
39,20200922,9.0,430
40,20200922,19.0,340
41,20200922,11.0,310
42,20200922,27.0,340
43,20200922,15.0,330
44,20200922,13.0,560
45,20200922,76.0,370
46,20200922,54.0,290
47,20200922,52.0,240
48,20201001,74.0,330
49,20201001,71.0,400
50,20201001,72.0,440
51,20201001,63.0,290
52,20201001,64.0,250
53,20201001,69.0,320
54,20201001,73.0,200
55,20201001,70.0,180
56,20201001,56.0,180
57,20201001,43.0,320
58,20201001,41.0,560
59,20201001,35.0,1000
60,20201001,36.0,290
61,20201001,47.0,270
62,20201001,40.0,260
63,20201001,44.0,300
64,20201001,53.0,710
65,20201001,31.0,480
66,20201001,0.0,450
67,20201001,5.0,150
68,20201001,3.0,360
69,20201001,2.0,450
70,20201001,1.0,550
71,20201001,7.0,280
72,20201001,6.0,240
73,20201001,4.0,410
74,20201001,8.0,350
75,20201001,45.0,300
76,20201001,57.0,230
77,20201001,38.0,450
78,20201001,29.0,480
79,20201001,37.0,390
80,20201001,39.0,270
81,20201001,33.0,380
82,20201001,49.0,320
83,20201001,24.0,720
84,20201001,20.0,470
85,20201001,26.0,760
86,20201001,12.0,240
87,20201001,21.0,390
88,20201001,10.0,760
89,20201001,9.0,570
90,20201001,19.0,410
91,20201001,11.0,290
92,20201001,27.0,360
93,20201001,15.0,380
94,20201001,13.0,420
95,20201001,76.0,270
96,20201001,54.0,180
97,20201001,52.0,180
98,20201008,74.0,190
99,20201008,71.0,160
100,20201008,72.0,180
101,20201008,63.0,170
102,20201008,64.0,180
103,20201008,69.0,180
104,20201008,73.0,160
105,20201008,70.0,160
106,20201008,56.0,440
107,20201008,41.0,690
108,20201008,34.0,960
109,20201008,35.0,620
110,20201008,36.0,400
111,20201008,47.0,330
112,20201008,40.0,360
113,20201008,44.0,520
114,20201008,53.0,370
115,20201008,31.0,360
116,20201008,0.0,240
117,20201008,5.0,240
118,20201008,3.0,250
119,20201008,2.0,250
120,20201008,1.0,340
121,20201008,7.0,350
122,20201008,6.0,290
123,20201008,4.0,270
124,20201008,8.0,330
125,20201008,45.0,410
126,20201008,57.0,370
127,20201008,38.0,460
128,20201008,29.0,420
129,20201008,37.0,420
130,20201008,39.0,290
131,20201008,33.0,530
132,20201008,49.0,520
133,20201008,24.0,310
134,20201008,20.0,350
135,20201008,26.0,310
136,20201008,12.0,350
137,20201008,21.0,360
138,20201008,10.0,340
139,20201008,9.0,360
140,20201008,19.0,380
141,20201008,11.0,340
142,20201008,27.0,250
143,20201008,15.0,350
144,20201008,13.0,360
145,20201008,76.0,420
146,20201008,54.0,380
147,20201008,52.0,390
148,20201015,74.0,230
149,20201015,71.0,180
150,20201015,72.0,200
151,20201015,63.0,180
152,20201015,64.0,180
153,20201015,69.0,180
154,20201015,73.0,180
155,20201015,70.0,160
156,20201015,56.0,180
157,20201015,43.0,420
158,20201015,36.0,360
159,20201015,47.0,640
160,20201015,40.0,680
161,20201015,44.0,280
162,20201015,53.0,560
163,20201015,31.0,690
164,20201015,0.0,220
165,20201015,5.0,270
166,20201015,3.0,230
167,20201015,2.0,220
168,20201015,1.0,970
169,20201015,7.0,620
170,20201015,6.0,280
171,20201015,4.0,300
172,20201015,8.0,420
173,20201015,45.0,550
174,20201015,57.0,240
175,20201015,38.0,610
176,20201015,29.0,330
177,20201015,37.0,480
178,20201015,39.0,410
179,20201015,33.0,460
180,20201015,49.0,400
181,20201015,24.0,260
182,20201015,20.0,540
183,20201015,26.0,310
184,20201015,12.0,280
185,20201015,21.0,280
186,20201015,10.0,470
187,20201015,9.0,290
188,20201015,19.0,320
189,20201015,11.0,370
190,20201015,27.0,370
191,20201015,15.0,410
192,20201015,13.0,380
193,20201015,76.0,440
194,20201015,54.0,170
195,20201015,52.0,250
196,20201022,74.0,310
197,20201022,71.0,200
198,20201022,72.0,300
199,20201022,63.0,200
200,20201022,64.0,250
201,20201022,69.0,260
202,20201022,73.0,280
203,20201022,70.0,230
204,20201022,56.0,380
205,20201022,75.0,770
206,20201022,41.0,360
207,20201022,34.0,860
208,20201022,35.0,560
209,20201022,36.0,370
210,20201022,47.0,250
211,20201022,40.0,300
212,20201022,44.0,340
213,20201022,53.0,240
214,20201022,31.0,230
215,20201022,0.0,220
216,20201022,5.0,170
217,20201022,3.0,210
218,20201022,2.0,180
219,20201022,1.0,210
220,20201022,7.0,200
221,20201022,6.0,210
222,20201022,4.0,220
223,20201022,8.0,230
224,20201022,45.0,340
225,20201022,57.0,270
226,20201022,38.0,360
227,20201022,29.0,330
228,20201022,37.0,250
229,20201022,39.0,190
230,20201022,33.0,280
231,20201022,49.0,300
232,20201022,24.0,280
233,20201022,20.0,270
234,20201022,26.0,290
235,20201022,12.0,270
236,20201022,21.0,270
237,20201022,10.0,300
238,20201022,9.0,280
239,20201022,19.0,300
240,20201022,11.0,320
241,20201022,27.0,290
242,20201022,15.0,320
243,20201022,13.0,280
244,20201022,76.0,240
245,20201022,54.0,260
246,20201022,52.0,310
247,20201101,74.0,280
248,20201101,71.0,270
249,20201101,72.0,240
250,20201101,63.0,240
251,20201101,64.0,220
252,20201101,69.0,260
253,20201101,73.0,220
254,20201101,70.0,200
255,20201101,56.0,390
256,20201101,75.0,770
257,20201101,41.0,370
258,20201101,34.0,870
259,20201101,35.0,650
260,20201101,36.0,450
261,20201101,47.0,250
262,20201101,40.0,280
263,20201101,44.0,240
264,20201101,53.0,260
265,20201101,31.0,270
266,20201101,0.0,350
267,20201101,5.0,340
268,20201101,3.0,330
269,20201101,2.0,320
270,20201101,1.0,440
271,20201101,7.0,390
272,20201101,6.0,370
273,20201101,4.0,370
274,20201101,8.0,400
275,20201101,45.0,470
276,20201101,57.0,470
277,20201101,38.0,590
278,20201101,29.0,520
279,20201101,37.0,650
280,20201101,39.0,290
281,20201101,33.0,360
282,20201101,49.0,330
283,20201101,24.0,330
284,20201101,20.0,390
285,20201101,26.0,370
286,20201101,12.0,260
287,20201101,21.0,350
288,20201101,10.0,410
289,20201101,9.0,260
290,20201101,19.0,220
291,20201101,11.0,360
292,20201101,27.0,200
293,20201101,15.0,220
294,20201101,13.0,230
295,20201101,76.0,320
296,20201101,54.0,260
297,20201101,52.0,230
298,20201108,74.0,200
299,20201108,71.0,270
300,20201108,72.0,250
301,20201108,63.0,330
302,20201108,64.0,320
303,20201108,69.0,320
304,20201108,73.0,290
305,20201108,70.0,300
306,20201108,56.0,530
307,20201108,43.0,950
308,20201108,75.0,680
309,20201108,41.0,420
310,20201108,34.0,740
311,20201108,35.0,520
312,20201108,36.0,430
313,20201108,47.0,350
314,20201108,40.0,390
315,20201108,44.0,400
316,20201108,53.0,360
317,20201108,31.0,350
318,20201108,0.0,320
319,20201108,5.0,220
320,20201108,3.0,320
321,20201108,2.0,310
322,20201108,1.0,390
323,20201108,7.0,370
324,20201108,6.0,330
325,20201108,4.0,340
326,20201108,8.0,350
327,20201108,45.0,370
328,20201108,57.0,380
329,20201108,38.0,410
330,20201108,29.0,460
331,20201108,37.0,530
332,20201108,39.0,310
333,20201108,33.0,400
334,20201108,49.0,460
335,20201108,24.0,360
336,20201108,20.0,370
337,20201108,26.0,360
338,20201108,12.0,340
339,20201108,21.0,410
340,20201108,10.0,400
341,20201108,9.0,420
342,20201108,19.0,410
343,20201108,11.0,430
344,20201108,27.0,340
345,20201108,15.0,370
346,20201108,13.0,390
347,20201108,76.0,390
348,20201108,54.0,350
349,20201108,52.0,330
350,20201115,74.0,200
351,20201115,71.0,270
352,20201115,72.0,320
353,20201115,63.0,290
354,20201115,64.0,260
355,20201115,69.0,280
356,20201115,73.0,240
357,20201115,70.0,260
358,20201115,56.0,360
359,20201115,41.0,390
360,20201115,34.0,960
361,20201115,35.0,540
362,20201115,36.0,340
363,20201115,47.0,280
364,20201115,40.0,280
365,20201115,44.0,340
366,20201115,53.0,320
367,20201115,31.0,280
368,20201115,0.0,200
369,20201115,5.0,160
370,20201115,3.0,210
371,20201115,2.0,180
372,20201115,1.0,320
373,20201115,7.0,310
374,20201115,6.0,230
375,20201115,4.0,190
376,20201115,8.0,200
377,20201115,45.0,310
378,20201115,57.0,240
379,20201115,38.0,370
380,20201115,29.0,320
381,20201115,37.0,400
382,20201115,39.0,190
383,20201115,33.0,300
384,20201115,49.0,280
385,20201115,24.0,340
386,20201115,20.0,250
387,20201115,26.0,320
388,20201115,12.0,300
389,20201115,21.0,260
390,20201115,10.0,250
391,20201115,9.0,240
392,20201115,19.0,260
393,20201115,11.0,260
394,20201115,27.0,410
395,20201115,15.0,320
396,20201115,13.0,290
397,20201115,76.0,320
398,20201115,54.0,300
399,20201115,52.0,250
400,20201122,74.0,180
401,20201122,71.0,240
402,20201122,72.0,190
403,20201122,63.0,210
404,20201122,64.0,200
405,20201122,69.0,220
406,20201122,73.0,210
407,20201122,70.0,210
408,20201122,56.0,350
409,20201122,43.0,810
410,20201122,41.0,780
411,20201122,36.0,650
412,20201122,47.0,350
413,20201122,40.0,430
414,20201122,44.0,460
415,20201122,53.0,300
416,20201122,31.0,310
417,20201122,0.0,360
418,20201122,5.0,200
419,20201122,3.0,380
420,20201122,2.0,260
421,20201122,1.0,540
422,20201122,7.0,510
423,20201122,6.0,350
424,20201122,4.0,290
425,20201122,8.0,360
426,20201122,45.0,500
427,20201122,57.0,460
428,20201122,38.0,360
429,20201122,29.0,510
430,20201122,37.0,400
431,20201122,39.0,220
432,20201122,33.0,690
433,20201122,49.0,690
434,20201122,24.0,200
435,20201122,20.0,250
436,20201122,26.0,190
437,20201122,12.0,150
438,20201122,21.0,140
439,20201122,10.0,210
440,20201122,9.0,180
441,20201122,19.0,180
442,20201122,11.0,320
443,20201122,27.0,270
444,20201122,15.0,350
445,20201122,13.0,300
446,20201122,76.0,290
447,20201122,54.0,270
448,20201122,52.0,260
449,20201201,74.0,430
450,20201201,71.0,500
451,20201201,72.0,210
452,20201201,63.0,370
453,20201201,64.0,420
454,20201201,69.0,440
455,20201201,73.0,480
456,20201201,70.0,420
457,20201201,56.0,410
458,20201201,43.0,920
459,20201201,75.0,720
460,20201201,41.0,430
461,20201201,34.0,760
462,20201201,35.0,490
463,20201201,36.0,460
464,20201201,47.0,380
465,20201201,40.0,430
466,20201201,44.0,500
467,20201201,53.0,380
468,20201201,31.0,380
469,20201201,0.0,280
470,20201201,5.0,200
471,20201201,3.0,280
472,20201201,2.0,240
473,20201201,1.0,310
474,20201201,7.0,280
475,20201201,6.0,250
476,20201201,4.0,240
477,20201201,8.0,260
478,20201201,45.0,400
479,20201201,57.0,310
480,20201201,38.0,380
481,20201201,29.0,340
482,20201201,37.0,410
483,20201201,39.0,250
484,20201201,33.0,400
485,20201201,49.0,430
486,20201201,24.0,330
487,20201201,20.0,340
488,20201201,26.0,400
489,20201201,12.0,400
490,20201201,21.0,460
491,20201201,10.0,450
492,20201201,9.0,410
493,20201201,19.0,420
494,20201201,11.0,440
495,20201201,27.0,360
496,20201201,15.0,400
497,20201201,13.0,410
498,20201201,76.0,400
499,20201201,54.0,430
500,20201201,52.0,410
501,20201208,74.0,280
502,20201208,71.0,320
503,20201208,72.0,280
504,20201208,63.0,270
505,20201208,64.0,470
506,20201208,69.0,320
507,20201208,73.0,520
508,20201208,70.0,390
509,20201208,56.0,440
510,20201208,41.0,470
511,20201208,35.0,770
512,20201208,36.0,400
513,20201208,47.0,330
514,20201208,40.0,420
515,20201208,44.0,340
516,20201208,53.0,360
517,20201208,31.0,330
518,20201208,0.0,330
519,20201208,5.0,230
520,20201208,3.0,280
521,20201208,2.0,300
522,20201208,1.0,350
523,20201208,7.0,250
524,20201208,6.0,310
525,20201208,4.0,310
526,20201208,8.0,350
527,20201208,45.0,410
528,20201208,57.0,420
529,20201208,38.0,420
530,20201208,29.0,460
531,20201208,37.0,430
532,20201208,39.0,310
533,20201208,33.0,500
534,20201208,49.0,420
535,20201208,24.0,340
536,20201208,20.0,350
537,20201208,26.0,430
538,20201208,12.0,380
539,20201208,21.0,470
540,20201208,10.0,390
541,20201208,9.0,340
542,20201208,19.0,340
543,20201208,11.0,400
544,20201208,27.0,400
545,20201208,15.0,340
546,20201208,13.0,380
547,20201208,76.0,390
548,20201208,54.0,380
549,20201208,52.0,360
550,20201215,74.0,240
551,20201215,71.0,260
552,20201215,72.0,220
553,20201215,63.0,200
554,20201215,64.0,200
555,20201215,69.0,240
556,20201215,73.0,310
557,20201215,70.0,320
558,20201215,56.0,480
559,20201215,75.0,590
560,20201215,41.0,470
561,20201215,34.0,620
562,20201215,35.0,420
563,20201215,36.0,360
564,20201215,47.0,270
565,20201215,40.0,280
566,20201215,44.0,280
567,20201215,53.0,290
568,20201215,31.0,260
569,20201215,0.0,400
570,20201215,5.0,290
571,20201215,3.0,270
572,20201215,2.0,350
573,20201215,1.0,490
574,20201215,7.0,300
575,20201215,6.0,320
576,20201215,4.0,270
577,20201215,8.0,290
578,20201215,45.0,450
579,20201215,57.0,310
580,20201215,38.0,340
581,20201215,29.0,440
582,20201215,37.0,360
583,20201215,39.0,290
584,20201215,33.0,290
585,20201215,49.0,300
586,20201215,24.0,510
587,20201215,20.0,500
588,20201215,26.0,580
589,20201215,12.0,570
590,20201215,21.0,620
591,20201215,10.0,580
592,20201215,9.0,600
593,20201215,19.0,600
594,20201215,11.0,470
595,20201215,27.0,270
596,20201215,15.0,330
597,20201215,13.0,270
598,20201215,76.0,420
599,20201215,54.0,440
600,20201215,52.0,300
601,20201222,74.0,340
602,20201222,71.0,360
603,20201222,72.0,340
604,20201222,63.0,340
605,20201222,64.0,360
606,20201222,69.0,360
607,20201222,73.0,360
608,20201222,70.0,500
609,20201222,56.0,380
610,20201222,41.0,510
611,20201222,35.0,640
612,20201222,36.0,350
613,20201222,47.0,320
614,20201222,40.0,380
615,20201222,44.0,400
616,20201222,53.0,320
617,20201222,31.0,320
618,20201222,0.0,310
619,20201222,5.0,240
620,20201222,3.0,330
621,20201222,2.0,300
622,20201222,1.0,380
623,20201222,7.0,340
624,20201222,6.0,300
625,20201222,4.0,300
626,20201222,8.0,310
627,20201222,45.0,380
628,20201222,57.0,290
629,20201222,38.0,380
630,20201222,29.0,350
631,20201222,37.0,490
632,20201222,39.0,260
633,20201222,33.0,480
634,20201222,49.0,400
635,20201222,24.0,350
636,20201222,20.0,350
637,20201222,26.0,350
638,20201222,12.0,420
639,20201222,21.0,420
640,20201222,10.0,380
641,20201222,9.0,380
642,20201222,19.0,400
643,20201222,11.0,350
644,20201222,27.0,360
645,20201222,15.0,400
646,20201222,13.0,410
647,20201222,76.0,260
648,20201222,54.0,310
649,20201222,52.0,340
650,20210101,74.0,570
651,20210101,71.0,480
652,20210101,72.0,370
653,20210101,63.0,510
654,20210101,64.0,520
655,20210101,69.0,540
656,20210101,73.0,440
657,20210101,70.0,380
658,20210101,56.0,380
659,20210101,41.0,410
660,20210101,35.0,700
661,20210101,36.0,390
662,20210101,47.0,310
663,20210101,40.0,350
664,20210101,44.0,320
665,20210101,53.0,320
666,20210101,31.0,330
667,20210101,0.0,430
668,20210101,5.0,550
669,20210101,3.0,430
670,20210101,2.0,370
671,20210101,1.0,570
672,20210101,7.0,410
673,20210101,6.0,400
674,20210101,4.0,360
675,20210101,8.0,380
676,20210101,45.0,440
677,20210101,57.0,510
678,20210101,38.0,410
679,20210101,29.0,490
680,20210101,37.0,510
681,20210101,39.0,310
682,20210101,33.0,390
683,20210101,49.0,350
684,20210101,24.0,300
685,20210101,20.0,350
686,20210101,26.0,300
687,20210101,12.0,320
688,20210101,21.0,330
689,20210101,10.0,320
690,20210101,9.0,300
691,20210101,19.0,320
692,20210101,11.0,380
693,20210101,27.0,340
694,20210101,15.0,330
695,20210101,13.0,320
696,20210101,76.0,350
697,20210101,54.0,350
698,20210101,52.0,370
699,20210108,74.0,220
700,20210108,71.0,200
701,20210108,72.0,210
702,20210108,63.0,220
703,20210108,64.0,180
704,20210108,69.0,220
705,20210108,73.0,330
706,20210108,70.0,290
707,20210108,56.0,510
708,20210108,43.0,670
709,20210108,75.0,680
710,20210108,41.0,500
711,20210108,34.0,710
712,20210108,35.0,560
713,20210108,36.0,540
714,20210108,47.0,520
715,20210108,40.0,580
716,20210108,44.0,580
717,20210108,53.0,540
718,20210108,31.0,540
719,20210108,0.0,460
720,20210108,5.0,260
721,20210108,3.0,390
722,20210108,2.0,420
723,20210108,1.0,380
724,20210108,7.0,360
725,20210108,6.0,460
726,20210108,4.0,480
727,20210108,8.0,500
728,20210108,45.0,600
729,20210108,57.0,450
730,20210108,38.0,550
731,20210108,29.0,550
732,20210108,37.0,510
733,20210108,39.0,480
734,20210108,33.0,580
735,20210108,49.0,570
736,20210108,24.0,640
737,20210108,20.0,750
738,20210108,26.0,750
739,20210108,12.0,540
740,20210108,21.0,670
741,20210108,10.0,700
742,20210108,9.0,640
743,20210108,19.0,580
744,20210108,11.0,690
745,20210108,27.0,520
746,20210108,15.0,630
747,20210108,13.0,620
748,20210108,76.0,460
749,20210108,54.0,400
750,20210108,52.0,190
751,20210115,74.0,300
752,20210115,71.0,320
753,20210115,72.0,290
754,20210115,63.0,310
755,20210115,64.0,410
756,20210115,69.0,300
757,20210115,73.0,400
758,20210115,70.0,330
759,20210115,56.0,710
760,20210115,43.0,880
761,20210115,75.0,770
762,20210115,41.0,610
763,20210115,34.0,940
764,20210115,35.0,630
765,20210115,36.0,460
766,20210115,47.0,370
767,20210115,40.0,400
768,20210115,44.0,440
769,20210115,53.0,360
770,20210115,31.0,350
771,20210115,0.0,400
772,20210115,5.0,290
773,20210115,3.0,370
774,20210115,2.0,370
775,20210115,1.0,430
776,20210115,7.0,350
777,20210115,6.0,420
778,20210115,4.0,430
779,20210115,8.0,460
780,20210115,45.0,670
781,20210115,57.0,510
782,20210115,38.0,500
783,20210115,29.0,580
784,20210115,37.0,380
785,20210115,39.0,300
786,20210115,33.0,430
787,20210115,49.0,440
788,20210115,24.0,310
789,20210115,20.0,410
790,20210115,26.0,310
791,20210115,12.0,230
792,20210115,21.0,270
793,20210115,10.0,350
794,20210115,9.0,290
795,20210115,19.0,280
796,20210115,11.0,400
797,20210115,27.0,370
798,20210115,15.0,350
799,20210115,13.0,440
800,20210115,76.0,410
801,20210115,54.0,390
802,20210115,52.0,390
803,20210122,74.0,210
804,20210122,71.0,350
805,20210122,72.0,340
806,20210122,63.0,370
807,20210122,64.0,370
808,20210122,69.0,400
809,20210122,73.0,350
810,20210122,70.0,280
811,20210122,56.0,480
812,20210122,36.0,690
813,20210122,47.0,410
814,20210122,40.0,480
815,20210122,44.0,640
816,20210122,53.0,420
817,20210122,31.0,380
818,20210122,0.0,450
819,20210122,5.0,270
820,20210122,3.0,350
821,20210122,2.0,360
822,20210122,1.0,600
823,20210122,7.0,470
824,20210122,6.0,370
825,20210122,4.0,390
826,20210122,8.0,420
827,20210122,45.0,820
828,20210122,57.0,450
829,20210122,38.0,480
830,20210122,29.0,580
831,20210122,37.0,530
832,20210122,39.0,320
833,20210122,33.0,460
834,20210122,49.0,440
835,20210122,24.0,420
836,20210122,20.0,400
837,20210122,26.0,330
838,20210122,12.0,240
839,20210122,21.0,270
840,20210122,10.0,400
841,20210122,9.0,280
842,20210122,19.0,300
843,20210122,11.0,440
844,20210122,27.0,300
845,20210122,15.0,420
846,20210122,13.0,430
847,20210122,76.0,750
848,20210122,54.0,640
849,20210122,52.0,340
850,20210201,74.0,230
851,20210201,71.0,260
852,20210201,72.0,230
853,20210201,63.0,240
854,20210201,64.0,240
855,20210201,69.0,400
856,20210201,73.0,330
857,20210201,70.0,410
858,20210201,56.0,690
859,20210201,41.0,740
860,20210201,35.0,840
861,20210201,36.0,510
862,20210201,47.0,400
863,20210201,40.0,390
864,20210201,44.0,400
865,20210201,53.0,410
866,20210201,31.0,390
867,20210201,0.0,520
868,20210201,5.0,250
869,20210201,3.0,400
870,20210201,2.0,390
871,20210201,1.0,690
872,20210201,7.0,630
873,20210201,6.0,420
874,20210201,4.0,370
875,20210201,8.0,420
876,20210201,45.0,590
877,20210201,57.0,430
878,20210201,38.0,570
879,20210201,29.0,470
880,20210201,37.0,570
881,20210201,39.0,290
882,20210201,33.0,370
883,20210201,49.0,350
884,20210201,24.0,340
885,20210201,20.0,310
886,20210201,26.0,260
887,20210201,12.0,210
888,20210201,21.0,230
889,20210201,10.0,270
890,20210201,9.0,250
891,20210201,19.0,240
892,20210201,11.0,310
893,20210201,27.0,280
894,20210201,15.0,270
895,20210201,13.0,320
896,20210201,76.0,460
897,20210201,54.0,440
898,20210201,52.0,470
899,20210208,74.0,180
900,20210208,71.0,200
901,20210208,72.0,170
902,20210208,63.0,200
903,20210208,64.0,180
904,20210208,69.0,260
905,20210208,73.0,180
906,20210208,70.0,200
907,20210208,56.0,490
908,20210208,43.0,350
909,20210208,75.0,700
910,20210208,41.0,340
911,20210208,36.0,520
912,20210208,47.0,430
913,20210208,44.0,520
914,20210208,53.0,460
915,20210208,0.0,340
916,20210208,3.0,370
917,20210208,2.0,310
918,20210208,1.0,390
919,20210208,7.0,360
920,20210208,6.0,360
921,20210208,4.0,320
922,20210208,8.0,350
923,20210208,45.0,560
924,20210208,57.0,500
925,20210208,38.0,420
926,20210208,29.0,490
927,20210208,37.0,320
928,20210208,39.0,310
929,20210208,33.0,810
930,20210208,49.0,700
931,20210208,24.0,280
932,20210208,20.0,280
933,20210208,26.0,210
934,20210208,12.0,210
935,20210208,21.0,200
936,20210208,10.0,260
937,20210208,9.0,240
938,20210208,19.0,240
939,20210208,11.0,310
940,20210208,27.0,220
941,20210208,15.0,340
942,20210208,13.0,390
943,20210208,76.0,350
944,20210208,54.0,270
945,20210208,52.0,300
946,20210215,74.0,360
947,20210215,71.0,400
948,20210215,72.0,370
949,20210215,63.0,380
950,20210215,64.0,370
951,20210215,69.0,420
952,20210215,73.0,380
953,20210215,70.0,360
954,20210215,56.0,380
955,20210215,43.0,440
956,20210215,75.0,650
957,20210215,41.0,460
958,20210215,34.0,870
959,20210215,35.0,800
960,20210215,36.0,570
961,20210215,47.0,420
962,20210215,40.0,430
963,20210215,44.0,500
964,20210215,53.0,440
965,20210215,31.0,410
966,20210215,0.0,490
967,20210215,5.0,240
968,20210215,3.0,420
969,20210215,2.0,420
970,20210215,1.0,610
971,20210215,7.0,510
972,20210215,6.0,560
973,20210215,4.0,390
974,20210215,8.0,460
975,20210215,45.0,680
976,20210215,57.0,620
977,20210215,38.0,540
978,20210215,29.0,500
979,20210215,37.0,520
980,20210215,39.0,330
981,20210215,33.0,730
982,20210215,49.0,720
983,20210215,24.0,440
984,20210215,20.0,430
985,20210215,26.0,440
986,20210215,12.0,340
987,20210215,21.0,370
988,20210215,10.0,470
989,20210215,9.0,390
990,20210215,19.0,400
991,20210215,11.0,520
992,20210215,27.0,440
993,20210215,15.0,430
994,20210215,13.0,460
995,20210215,76.0,420
996,20210215,54.0,380
997,20210215,52.0,390
998,20210222,74.0,280
999,20210222,71.0,260
1000,20210222,72.0,280
1001,20210222,63.0,240
1002,20210222,64.0,260
1003,20210222,69.0,300
1004,20210222,73.0,360
1005,20210222,70.0,350
1006,20210222,56.0,780
1007,20210222,41.0,560
1008,20210222,36.0,760
1009,20210222,47.0,400
1010,20210222,40.0,970
1011,20210222,53.0,430
1012,20210222,31.0,440
1013,20210222,0.0,410
1014,20210222,5.0,360
1015,20210222,3.0,530
1016,20210222,2.0,420
1017,20210222,1.0,630
1018,20210222,7.0,550
1019,20210222,6.0,430
1020,20210222,4.0,450
1021,20210222,8.0,500
1022,20210222,45.0,710
1023,20210222,57.0,440
1024,20210222,38.0,550
1025,20210222,29.0,580
1026,20210222,37.0,540
1027,20210222,39.0,330
1028,20210222,33.0,390
1029,20210222,49.0,540
1030,20210222,24.0,410
1031,20210222,20.0,430
1032,20210222,26.0,420
1033,20210222,12.0,250
1034,20210222,21.0,290
1035,20210222,10.0,470
1036,20210222,9.0,340
1037,20210222,19.0,320
1038,20210222,11.0,460
1039,20210222,27.0,400
1040,20210222,15.0,430
1041,20210222,13.0,410
1042,20210222,76.0,520
1043,20210222,54.0,500
1044,20210222,52.0,570
1045,20210301,74.0,280
1046,20210301,71.0,300
1047,20210301,72.0,320
1048,20210301,63.0,310
1049,20210301,64.0,280
1050,20210301,69.0,300
1051,20210301,73.0,310
1052,20210301,70.0,320
1053,20210301,56.0,380
1054,20210301,43.0,360
1055,20210301,75.0,560
1056,20210301,41.0,370
1057,20210301,34.0,800
1058,20210301,35.0,980
1059,20210301,36.0,870
1060,20210301,47.0,380
1061,20210301,40.0,360
1062,20210301,44.0,610
1063,20210301,53.0,380
1064,20210301,31.0,370
1065,20210301,0.0,460
1066,20210301,5.0,290
1067,20210301,3.0,460
1068,20210301,2.0,460
1069,20210301,1.0,540
1070,20210301,7.0,370
1071,20210301,6.0,540
1072,20210301,4.0,450
1073,20210301,8.0,530
1074,20210301,45.0,530
1075,20210301,57.0,470
1076,20210301,38.0,650
1077,20210301,29.0,490
1078,20210301,37.0,790
1079,20210301,39.0,550
1080,20210301,33.0,800
1081,20210301,49.0,770
1082,20210301,24.0,650
1083,20210301,20.0,630
1084,20210301,26.0,790
1085,20210301,12.0,480
1086,20210301,21.0,540
1087,20210301,10.0,580
1088,20210301,9.0,620
1089,20210301,19.0,620
1090,20210301,11.0,430
1091,20210301,27.0,370
1092,20210301,15.0,460
1093,20210301,13.0,440
1094,20210301,76.0,370
1095,20210301,54.0,340
1096,20210301,52.0,350
1097,20210308,74.0,180
1098,20210308,71.0,190
1099,20210308,72.0,180
1100,20210308,63.0,180
1101,20210308,64.0,180
1102,20210308,69.0,180
1103,20210308,73.0,180
1104,20210308,70.0,170
1105,20210308,56.0,340
1106,20210308,43.0,290
1107,20210308,75.0,650
1108,20210308,41.0,420
1109,20210308,34.0,920
1110,20210308,35.0,660
1111,20210308,36.0,400
1112,20210308,47.0,400
1113,20210308,40.0,560
1114,20210308,44.0,520
1115,20210308,53.0,420
1116,20210308,31.0,450
1117,20210308,0.0,530
1118,20210308,5.0,440
1119,20210308,3.0,470
1120,20210308,2.0,530
1121,20210308,1.0,710
1122,20210308,7.0,700
1123,20210308,6.0,510
1124,20210308,4.0,480
1125,20210308,8.0,480
1126,20210308,45.0,610
1127,20210308,57.0,640
1128,20210308,38.0,560
1129,20210308,29.0,580
1130,20210308,37.0,530
1131,20210308,39.0,510
1132,20210308,33.0,480
1133,20210308,49.0,540
1134,20210308,24.0,430
1135,20210308,20.0,580
1136,20210308,26.0,440
1137,20210308,12.0,390
1138,20210308,21.0,390
1139,20210308,10.0,460
1140,20210308,9.0,430
1141,20210308,19.0,390
1142,20210308,11.0,470
1143,20210308,27.0,230
1144,20210308,15.0,480
1145,20210308,13.0,530
1146,20210308,76.0,300
1147,20210308,54.0,190
1148,20210308,52.0,210
1149,20210315,74.0,210
1150,20210315,71.0,200
1151,20210315,72.0,210
1152,20210315,63.0,180
1153,20210315,64.0,200
1154,20210315,69.0,220
1155,20210315,73.0,200
1156,20210315,70.0,240
1157,20210315,56.0,420
1158,20210315,43.0,300
1159,20210315,75.0,530
1160,20210315,41.0,330
1161,20210315,34.0,750
1162,20210315,35.0,740
1163,20210315,36.0,490
1164,20210315,47.0,330
1165,20210315,40.0,390
1166,20210315,44.0,440
1167,20210315,53.0,300
1168,20210315,31.0,300
1169,20210315,0.0,460
1170,20210315,5.0,320
1171,20210315,3.0,380
1172,20210315,2.0,380
1173,20210315,1.0,540
1174,20210315,7.0,440
1175,20210315,6.0,370
1176,20210315,4.0,520
1177,20210315,8.0,590
1178,20210315,45.0,660
1179,20210315,57.0,390
1180,20210315,38.0,710
1181,20210315,29.0,580
1182,20210315,37.0,730
1183,20210315,39.0,480
1184,20210315,33.0,640
1185,20210315,49.0,680
1186,20210315,24.0,450
1187,20210315,20.0,410
1188,20210315,26.0,540
1189,20210315,12.0,370
1190,20210315,21.0,390
1191,20210315,10.0,560
1192,20210315,9.0,550
1193,20210315,19.0,380
1194,20210315,11.0,370
1195,20210315,27.0,310
1196,20210315,15.0,400
1197,20210315,13.0,420
1198,20210315,76.0,300
1199,20210315,54.0,230
1200,20210315,52.0,230
1201,20210322,74.0,200
1202,20210322,71.0,240
1203,20210322,72.0,230
1204,20210322,63.0,220
1205,20210322,64.0,240
1206,20210322,69.0,220
1207,20210322,73.0,290
1208,20210322,70.0,260
1209,20210322,56.0,790
1210,20210322,43.0,690
1211,20210322,75.0,620
1212,20210322,41.0,480
1213,20210322,34.0,660
1214,20210322,35.0,570
1215,20210322,36.0,450
1216,20210322,47.0,440
1217,20210322,40.0,490
1218,20210322,44.0,440
1219,20210322,53.0,500
1220,20210322,31.0,500
1221,20210322,0.0,750
1222,20210322,5.0,370
1223,20210322,3.0,420
1224,20210322,2.0,350
1225,20210322,1.0,600
1226,20210322,7.0,580
1227,20210322,6.0,490
1228,20210322,4.0,400
1229,20210322,8.0,450
1230,20210322,45.0,620
1231,20210322,57.0,640
1232,20210322,38.0,470
1233,20210322,29.0,620
1234,20210322,37.0,550
1235,20210322,39.0,360
1236,20210322,33.0,430
1237,20210322,49.0,430
1238,20210322,24.0,440
1239,20210322,20.0,390
1240,20210322,26.0,420
1241,20210322,12.0,430
1242,20210322,21.0,480
1243,20210322,10.0,440
1244,20210322,9.0,460
1245,20210322,19.0,440
1246,20210322,11.0,460
1247,20210322,27.0,510
1248,20210322,15.0,470
1249,20210322,13.0,450
1250,20210322,76.0,460
1251,20210322,54.0,460
1252,20210322,52.0,450
1253,20210401,74.0,320
1254,20210401,71.0,370
1255,20210401,72.0,460
1256,20210401,63.0,320
1257,20210401,64.0,320
1258,20210401,69.0,380
1259,20210401,73.0,300
1260,20210401,70.0,320
1261,20210401,56.0,340
1262,20210401,43.0,440
1263,20210401,75.0,880
1264,20210401,41.0,380
1265,20210401,36.0,780
1266,20210401,47.0,600
1267,20210401,40.0,520
1268,20210401,44.0,300
1269,20210401,53.0,340
1270,20210401,31.0,390
1271,20210401,0.0,440
1272,20210401,5.0,320
1273,20210401,3.0,410
1274,20210401,2.0,410
1275,20210401,1.0,570
1276,20210401,7.0,430
1277,20210401,6.0,370
1278,20210401,4.0,390
1279,20210401,8.0,390
1280,20210401,45.0,390
1281,20210401,57.0,380
1282,20210401,38.0,580
1283,20210401,29.0,480
1284,20210401,37.0,570
1285,20210401,39.0,560
1286,20210401,33.0,460
1287,20210401,49.0,460
1288,20210401,24.0,520
1289,20210401,20.0,480
1290,20210401,26.0,660
1291,20210401,12.0,540
1292,20210401,21.0,510
1293,20210401,10.0,410
1294,20210401,9.0,410
1295,20210401,19.0,370
1296,20210401,11.0,380
1297,20210401,27.0,300
1298,20210401,15.0,310
1299,20210401,13.0,360
1300,20210401,76.0,290
1301,20210401,54.0,300
1302,20210401,52.0,280
1303,20210408,74.0,230
1304,20210408,71.0,240
1305,20210408,72.0,230
1306,20210408,63.0,240
1307,20210408,64.0,220
1308,20210408,69.0,240
1309,20210408,73.0,290
1310,20210408,70.0,220
1311,20210408,56.0,230
1312,20210408,36.0,470
1313,20210408,47.0,530
1314,20210408,40.0,540
1315,20210408,44.0,540
1316,20210408,53.0,760
1317,20210408,31.0,660
1318,20210408,0.0,530
1319,20210408,5.0,330
1320,20210408,3.0,440
1321,20210408,2.0,440
1322,20210408,1.0,800
1323,20210408,7.0,540
1324,20210408,6.0,420
1325,20210408,4.0,480
1326,20210408,8.0,540
1327,20210408,45.0,500
1328,20210408,57.0,270
1329,20210408,38.0,570
1330,20210408,29.0,400
1331,20210408,37.0,490
1332,20210408,39.0,420
1333,20210408,33.0,460
1334,20210408,49.0,390
1335,20210408,24.0,430
1336,20210408,20.0,450
1337,20210408,26.0,400
1338,20210408,12.0,350
1339,20210408,21.0,340
1340,20210408,10.0,450
1341,20210408,9.0,340
1342,20210408,19.0,370
1343,20210408,11.0,340
1344,20210408,27.0,420
1345,20210408,15.0,450
1346,20210408,13.0,530
1347,20210408,76.0,480
1348,20210408,54.0,240
1349,20210408,52.0,230
1350,20210415,74.0,410
1351,20210415,71.0,400
1352,20210415,72.0,520
1353,20210415,63.0,330
1354,20210415,64.0,340
1355,20210415,69.0,340
1356,20210415,73.0,340
1357,20210415,70.0,270
1358,20210415,56.0,460
1359,20210415,43.0,360
1360,20210415,41.0,330
1361,20210415,47.0,420
1362,20210415,44.0,740
1363,20210415,53.0,320
1364,20210415,31.0,340
1365,20210415,0.0,560
1366,20210415,5.0,470
1367,20210415,3.0,480
1368,20210415,2.0,490
1369,20210415,1.0,810
1370,20210415,7.0,580
1371,20210415,6.0,470
1372,20210415,4.0,600
1373,20210415,8.0,620
1374,20210415,45.0,530
1375,20210415,57.0,460
1376,20210415,38.0,580
1377,20210415,29.0,620
1378,20210415,37.0,610
1379,20210415,39.0,550
1380,20210415,33.0,550
1381,20210415,49.0,590
1382,20210415,24.0,590
1383,20210415,20.0,640
1384,20210415,26.0,640
1385,20210415,12.0,650
1386,20210415,21.0,630
1387,20210415,10.0,830
1388,20210415,9.0,720
1389,20210415,19.0,560
1390,20210415,11.0,560
1391,20210415,27.0,450
1392,20210415,15.0,370
1393,20210415,13.0,410
1394,20210415,76.0,360
1395,20210415,54.0,250
1396,20210415,52.0,300
1397,20210422,74.0,210
1398,20210422,71.0,200
1399,20210422,72.0,240
1400,20210422,63.0,210
1401,20210422,64.0,250
1402,20210422,69.0,320
1403,20210422,73.0,330
1404,20210422,70.0,280
1405,20210422,56.0,300
1406,20210422,43.0,460
1407,20210422,41.0,780
1408,20210422,36.0,580
1409,20210422,47.0,570
1410,20210422,40.0,590
1411,20210422,44.0,340
1412,20210422,53.0,320
1413,20210422,31.0,310
1414,20210422,0.0,460
1415,20210422,5.0,310
1416,20210422,3.0,410
1417,20210422,2.0,490
1418,20210422,1.0,550
1419,20210422,7.0,520
1420,20210422,6.0,360
1421,20210422,4.0,470
1422,20210422,8.0,450
1423,20210422,45.0,430
1424,20210422,57.0,310
1425,20210422,38.0,580
1426,20210422,29.0,360
1427,20210422,37.0,860
1428,20210422,39.0,650
1429,20210422,33.0,530
1430,20210422,49.0,520
1431,20210422,24.0,540
1432,20210422,20.0,560
1433,20210422,26.0,580
1434,20210422,12.0,370
1435,20210422,21.0,440
1436,20210422,10.0,570
1437,20210422,9.0,520
1438,20210422,19.0,500
1439,20210422,11.0,470
1440,20210422,27.0,370
1441,20210422,15.0,380
1442,20210422,13.0,540
1443,20210422,76.0,360
1444,20210422,54.0,300
1445,20210422,52.0,280
1446,20210501,74.0,380
1447,20210501,71.0,380
1448,20210501,72.0,370
1449,20210501,63.0,460
1450,20210501,64.0,330
1451,20210501,69.0,400
1452,20210501,73.0,380
1453,20210501,70.0,330
1454,20210501,56.0,450
1455,20210501,43.0,420
1456,20210501,75.0,740
1457,20210501,41.0,520
1458,20210501,34.0,990
1459,20210501,35.0,940
1460,20210501,36.0,590
1461,20210501,47.0,410
1462,20210501,40.0,490
1463,20210501,44.0,700
1464,20210501,53.0,430
1465,20210501,31.0,370
1466,20210501,0.0,570
1467,20210501,5.0,290
1468,20210501,3.0,530
1469,20210501,2.0,440
1470,20210501,1.0,630
1471,20210501,7.0,550
1472,20210501,6.0,650
1473,20210501,4.0,550
1474,20210501,8.0,570
1475,20210501,45.0,760
1476,20210501,57.0,770
1477,20210501,38.0,750
1478,20210501,37.0,870
1479,20210501,39.0,400
1480,20210501,24.0,560
1481,20210501,20.0,540
1482,20210501,26.0,550
1483,20210501,12.0,370
1484,20210501,21.0,390
1485,20210501,10.0,570
1486,20210501,9.0,450
1487,20210501,19.0,500
1488,20210501,11.0,550
1489,20210501,27.0,280
1490,20210501,15.0,540
1491,20210501,13.0,640
1492,20210501,76.0,390
1493,20210501,54.0,370
1494,20210501,52.0,330
1495,20210508,74.0,210
1496,20210508,71.0,320
1497,20210508,72.0,200
1498,20210508,63.0,180
1499,20210508,64.0,200
1500,20210508,69.0,220
1501,20210508,73.0,170
1502,20210508,70.0,170
1503,20210508,56.0,500
1504,20210508,36.0,730
1505,20210508,47.0,710
1506,20210508,40.0,730
1507,20210508,44.0,580
1508,20210508,53.0,590
1509,20210508,31.0,620
1510,20210508,0.0,420
1511,20210508,5.0,280
1512,20210508,3.0,360
1513,20210508,2.0,440
1514,20210508,1.0,540
1515,20210508,7.0,390
1516,20210508,6.0,350
1517,20210508,4.0,570
1518,20210508,8.0,580
1519,20210508,45.0,530
1520,20210508,57.0,410
1521,20210508,38.0,650
1522,20210508,29.0,420
1523,20210508,37.0,660
1524,20210508,39.0,380
1525,20210508,33.0,600
1526,20210508,49.0,500
1527,20210508,24.0,480
1528,20210508,20.0,380
1529,20210508,26.0,480
1530,20210508,12.0,280
1531,20210508,21.0,360
1532,20210508,10.0,450
1533,20210508,9.0,390
1534,20210508,19.0,420
1535,20210508,11.0,380
1536,20210508,27.0,370
1537,20210508,15.0,400
1538,20210508,13.0,410
1539,20210508,54.0,650
1540,20210508,52.0,390
1541,20210515,74.0,550
1542,20210515,71.0,460
1543,20210515,72.0,410
1544,20210515,63.0,270
1545,20210515,64.0,300
1546,20210515,69.0,320
1547,20210515,73.0,280
1548,20210515,70.0,290
1549,20210515,56.0,310
1550,20210515,43.0,330
1551,20210515,75.0,570
1552,20210515,41.0,330
1553,20210515,34.0,860
1554,20210515,35.0,890
1555,20210515,36.0,460
1556,20210515,47.0,240
1557,20210515,40.0,270
1558,20210515,44.0,420
1559,20210515,53.0,200
1560,20210515,31.0,210
1561,20210515,0.0,360
1562,20210515,5.0,260
1563,20210515,3.0,340
1564,20210515,2.0,400
1565,20210515,1.0,410
1566,20210515,7.0,330
1567,20210515,6.0,310
1568,20210515,4.0,370
1569,20210515,8.0,530
1570,20210515,45.0,580
1571,20210515,57.0,290
1572,20210515,38.0,630
1573,20210515,29.0,430
1574,20210515,37.0,700
1575,20210515,39.0,310
1576,20210515,33.0,490
1577,20210515,49.0,390
1578,20210515,24.0,450
1579,20210515,20.0,550
1580,20210515,26.0,420
1581,20210515,12.0,320
1582,20210515,21.0,360
1583,20210515,10.0,330
1584,20210515,9.0,310
1585,20210515,19.0,270
1586,20210515,11.0,270
1587,20210515,27.0,420
1588,20210515,15.0,230
1589,20210515,13.0,210
1590,20210515,76.0,230
1591,20210515,54.0,180
1592,20210515,52.0,180
1593,20210522,74.0,620
1594,20210522,71.0,470
1595,20210522,72.0,450
1596,20210522,63.0,290
1597,20210522,64.0,220
1598,20210522,69.0,220
1599,20210522,73.0,220
1600,20210522,70.0,200
1601,20210522,56.0,170
1602,20210522,43.0,240
1603,20210522,75.0,440
1604,20210522,41.0,240
1605,20210522,34.0,710
1606,20210522,35.0,970
1607,20210522,36.0,850
1608,20210522,47.0,620
1609,20210522,40.0,260
1610,20210522,44.0,260
1611,20210522,53.0,250
1612,20210522,31.0,350
1613,20210522,0.0,260
1614,20210522,5.0,260
1615,20210522,3.0,260
1616,20210522,2.0,300
1617,20210522,1.0,310
1618,20210522,7.0,250
1619,20210522,6.0,250
1620,20210522,4.0,300
1621,20210522,8.0,290
1622,20210522,45.0,320
1623,20210522,57.0,270
1624,20210522,38.0,290
1625,20210522,29.0,330
1626,20210522,37.0,270
1627,20210522,39.0,400
1628,20210522,33.0,260
1629,20210522,49.0,240
1630,20210522,24.0,500
1631,20210522,20.0,330
1632,20210522,26.0,480
1633,20210522,12.0,450
1634,20210522,21.0,460
1635,20210522,10.0,290
1636,20210522,9.0,290
1637,20210522,19.0,260
1638,20210522,11.0,270
1639,20210522,27.0,220
1640,20210522,15.0,230
1641,20210522,13.0,230
1642,20210522,76.0,220
1643,20210522,54.0,200
1644,20210522,52.0,200
1645,20210601,74.0,310
1646,20210601,71.0,540
1647,20210601,72.0,460
1648,20210601,63.0,380
1649,20210601,64.0,330
1650,20210601,69.0,360
1651,20210601,73.0,220
1652,20210601,70.0,210
1653,20210601,56.0,190
1654,20210601,43.0,220
1655,20210601,75.0,420
1656,20210601,41.0,240
1657,20210601,34.0,660
1658,20210601,35.0,880
1659,20210601,47.0,840
1660,20210601,40.0,390
1661,20210601,44.0,180
1662,20210601,53.0,260
1663,20210601,31.0,270
1664,20210601,0.0,280
1665,20210601,5.0,220
1666,20210601,3.0,210
1667,20210601,2.0,240
1668,20210601,1.0,420
1669,20210601,7.0,240
1670,20210601,6.0,210
1671,20210601,4.0,220
1672,20210601,8.0,210
1673,20210601,45.0,350
1674,20210601,57.0,190
1675,20210601,38.0,330
1676,20210601,29.0,220
1677,20210601,37.0,270
1678,20210601,39.0,330
1679,20210601,33.0,220
1680,20210601,49.0,210
1681,20210601,24.0,260
1682,20210601,20.0,220
1683,20210601,26.0,250
1684,20210601,12.0,370
1685,20210601,21.0,400
1686,20210601,10.0,350
1687,20210601,9.0,280
1688,20210601,19.0,280
1689,20210601,11.0,250
1690,20210601,27.0,320
1691,20210601,15.0,270
1692,20210601,13.0,230
1693,20210601,76.0,200
1694,20210601,54.0,240
1695,20210601,52.0,340
1696,20210608,74.0,310
1697,20210608,71.0,260
1698,20210608,72.0,300
1699,20210608,63.0,190
1700,20210608,64.0,180
1701,20210608,69.0,200
1702,20210608,73.0,180
1703,20210608,70.0,170
1704,20210608,56.0,180
1705,20210608,43.0,200
1706,20210608,75.0,380
1707,20210608,41.0,210
1708,20210608,34.0,600
1709,20210608,35.0,800
1710,20210608,36.0,650
1711,20210608,47.0,870
1712,20210608,40.0,250
1713,20210608,44.0,160
1714,20210608,53.0,200
1715,20210608,31.0,230
1716,20210608,0.0,220
1717,20210608,5.0,180
1718,20210608,3.0,230
1719,20210608,2.0,200
1720,20210608,1.0,330
1721,20210608,7.0,280
1722,20210608,6.0,200
1723,20210608,4.0,250
1724,20210608,8.0,270
1725,20210608,45.0,240
1726,20210608,57.0,210
1727,20210608,38.0,250
1728,20210608,29.0,190
1729,20210608,37.0,220
1730,20210608,39.0,200
1731,20210608,33.0,180
1732,20210608,49.0,190
1733,20210608,24.0,310
1734,20210608,20.0,220
1735,20210608,26.0,420
1736,20210608,12.0,270
1737,20210608,21.0,290
1738,20210608,10.0,260
1739,20210608,9.0,330
1740,20210608,19.0,310
1741,20210608,11.0,200
1742,20210608,27.0,180
1743,20210608,15.0,190
1744,20210608,13.0,260
1745,20210608,76.0,180
1746,20210608,54.0,160
1747,20210608,52.0,160
1748,20210615,74.0,410
1749,20210615,71.0,320
1750,20210615,72.0,410
1751,20210615,63.0,290
1752,20210615,64.0,260
1753,20210615,69.0,280
1754,20210615,73.0,320
1755,20210615,70.0,180
1756,20210615,56.0,170
1757,20210615,43.0,220
1758,20210615,75.0,460
1759,20210615,41.0,230
1760,20210615,34.0,780
1761,20210615,35.0,990
1762,20210615,47.0,630
1763,20210615,40.0,560
1764,20210615,44.0,220
1765,20210615,53.0,220
1766,20210615,31.0,240
1767,20210615,0.0,220
1768,20210615,5.0,180
1769,20210615,3.0,170
1770,20210615,2.0,220
1771,20210615,1.0,240
1772,20210615,7.0,200
1773,20210615,6.0,180
1774,20210615,4.0,310
1775,20210615,8.0,300
1776,20210615,45.0,260
1777,20210615,57.0,290
1778,20210615,38.0,260
1779,20210615,29.0,280
1780,20210615,37.0,280
1781,20210615,39.0,190
1782,20210615,33.0,260
1783,20210615,49.0,200
1784,20210615,24.0,210
1785,20210615,20.0,210
1786,20210615,26.0,210
1787,20210615,12.0,320
1788,20210615,21.0,370
1789,20210615,10.0,370
1790,20210615,9.0,330
1791,20210615,19.0,270
1792,20210615,11.0,290
1793,20210615,27.0,190
1794,20210615,15.0,200
1795,20210615,13.0,230
1796,20210615,76.0,220
1797,20210615,54.0,180
1798,20210615,52.0,180
1799,20210622,74.0,280
1800,20210622,71.0,320
1801,20210622,72.0,310
1802,20210622,63.0,190
1803,20210622,64.0,190
1804,20210622,69.0,200
1805,20210622,73.0,200
1806,20210622,70.0,160
1807,20210622,56.0,190
1808,20210622,43.0,230
1809,20210622,75.0,630
1810,20210622,41.0,270
1811,20210622,35.0,830
1812,20210622,36.0,210
1813,20210622,47.0,190
1814,20210622,40.0,180
1815,20210622,44.0,260
1816,20210622,53.0,830
1817,20210622,31.0,510
1818,20210622,0.0,260
1819,20210622,5.0,190
1820,20210622,3.0,210
1821,20210622,2.0,220
1822,20210622,1.0,270
1823,20210622,7.0,190
1824,20210622,6.0,190
1825,20210622,4.0,220
1826,20210622,8.0,180
1827,20210622,45.0,240
1828,20210622,57.0,180
1829,20210622,38.0,280
1830,20210622,29.0,280
1831,20210622,37.0,230
1832,20210622,39.0,250
1833,20210622,33.0,180
1834,20210622,49.0,190
1835,20210622,24.0,200
1836,20210622,20.0,180
1837,20210622,26.0,240
1838,20210622,12.0,280
1839,20210622,21.0,260
1840,20210622,10.0,280
1841,20210622,9.0,300
1842,20210622,19.0,300
1843,20210622,11.0,220
1844,20210622,27.0,220
1845,20210622,15.0,320
1846,20210622,13.0,210
1847,20210622,76.0,200
1848,20210622,54.0,160
1849,20210622,52.0,160
1850,20210701,74.0,210
1851,20210701,71.0,400
1852,20210701,72.0,370
1853,20210701,63.0,210
1854,20210701,64.0,190
1855,20210701,69.0,200
1856,20210701,73.0,190
1857,20210701,70.0,180
1858,20210701,56.0,160
1859,20210701,43.0,200
1860,20210701,75.0,500
1861,20210701,41.0,220
1862,20210701,34.0,860
1863,20210701,36.0,680
1864,20210701,47.0,560
1865,20210701,40.0,240
1866,20210701,44.0,140
1867,20210701,53.0,410
1868,20210701,31.0,510
1869,20210701,0.0,240
1870,20210701,5.0,170
1871,20210701,3.0,180
1872,20210701,2.0,190
1873,20210701,1.0,270
1874,20210701,7.0,190
1875,20210701,6.0,180
1876,20210701,4.0,180
1877,20210701,8.0,220
1878,20210701,45.0,260
1879,20210701,57.0,170
1880,20210701,38.0,260
1881,20210701,29.0,220
1882,20210701,37.0,230
1883,20210701,39.0,310
1884,20210701,33.0,180
1885,20210701,49.0,190
1886,20210701,24.0,200
1887,20210701,20.0,200
1888,20210701,26.0,210
1889,20210701,12.0,400
1890,20210701,21.0,420
1891,20210701,10.0,290
1892,20210701,9.0,300
1893,20210701,19.0,220
1894,20210701,11.0,260
1895,20210701,27.0,180
1896,20210701,15.0,190
1897,20210701,13.0,200
1898,20210701,76.0,230
1899,20210701,54.0,170
1900,20210701,52.0,170
1901,20210708,74.0,310
1902,20210708,71.0,260
1903,20210708,72.0,260
1904,20210708,63.0,200
1905,20210708,64.0,190
1906,20210708,69.0,200
1907,20210708,73.0,180
1908,20210708,70.0,180
1909,20210708,56.0,150
1910,20210708,43.0,270
1911,20210708,75.0,820
1912,20210708,41.0,280
1913,20210708,36.0,560
1914,20210708,47.0,510
1915,20210708,40.0,340
1916,20210708,44.0,160
1917,20210708,53.0,710
1918,20210708,31.0,690
1919,20210708,0.0,330
1920,20210708,5.0,250
1921,20210708,3.0,320
1922,20210708,2.0,300
1923,20210708,1.0,610
1924,20210708,7.0,480
1925,20210708,6.0,240
1926,20210708,4.0,340
1927,20210708,8.0,310
1928,20210708,45.0,360
1929,20210708,57.0,190
1930,20210708,38.0,310
1931,20210708,29.0,340
1932,20210708,37.0,390
1933,20210708,39.0,220
1934,20210708,33.0,350
1935,20210708,49.0,280
1936,20210708,24.0,500
1937,20210708,20.0,360
1938,20210708,26.0,640
1939,20210708,12.0,310
1940,20210708,21.0,400
1941,20210708,10.0,420
1942,20210708,9.0,470
1943,20210708,19.0,450
1944,20210708,11.0,610
1945,20210708,27.0,240
1946,20210708,15.0,290
1947,20210708,13.0,320
1948,20210708,76.0,270
1949,20210708,54.0,190
1950,20210708,52.0,160
1951,20210715,74.0,290
1952,20210715,71.0,420
1953,20210715,72.0,290
1954,20210715,63.0,220
1955,20210715,64.0,290
1956,20210715,69.0,300
1957,20210715,73.0,240
1958,20210715,70.0,190
1959,20210715,56.0,200
1960,20210715,43.0,350
1961,20210715,41.0,460
1962,20210715,47.0,270
1963,20210715,40.0,660
1964,20210715,44.0,740
1965,20210715,53.0,260
1966,20210715,31.0,280
1967,20210715,0.0,310
1968,20210715,5.0,140
1969,20210715,3.0,310
1970,20210715,2.0,300
1971,20210715,1.0,270
1972,20210715,7.0,250
1973,20210715,6.0,360
1974,20210715,4.0,400
1975,20210715,8.0,460
1976,20210715,45.0,530
1977,20210715,57.0,260
1978,20210715,38.0,440
1979,20210715,29.0,670
1980,20210715,37.0,490
1981,20210715,39.0,660
1982,20210715,33.0,600
1983,20210715,49.0,360
1984,20210715,24.0,560
1985,20210715,20.0,500
1986,20210715,26.0,530
1987,20210715,12.0,400
1988,20210715,21.0,400
1989,20210715,10.0,420
1990,20210715,9.0,460
1991,20210715,19.0,350
1992,20210715,11.0,420
1993,20210715,27.0,470
1994,20210715,15.0,280
1995,20210715,13.0,370
1996,20210715,76.0,360
1997,20210715,54.0,260
1998,20210715,52.0,190
1999,20210722,74.0,240
2000,20210722,71.0,360
2001,20210722,72.0,290
2002,20210722,63.0,210
2003,20210722,64.0,260
2004,20210722,69.0,300
2005,20210722,73.0,240
2006,20210722,70.0,180
2007,20210722,56.0,210
2008,20210722,43.0,230
2009,20210722,75.0,430
2010,20210722,41.0,230
2011,20210722,34.0,700
2012,20210722,35.0,790
2013,20210722,36.0,750
2014,20210722,47.0,670
2015,20210722,40.0,530
2016,20210722,44.0,300
2017,20210722,53.0,220
2018,20210722,31.0,220
2019,20210722,0.0,260
2020,20210722,5.0,130
2021,20210722,3.0,230
2022,20210722,2.0,210
2023,20210722,1.0,240
2024,20210722,7.0,190
2025,20210722,6.0,270
2026,20210722,4.0,260
2027,20210722,8.0,290
2028,20210722,45.0,340
2029,20210722,57.0,270
2030,20210722,38.0,290
2031,20210722,29.0,230
2032,20210722,37.0,260
2033,20210722,39.0,390
2034,20210722,33.0,240
2035,20210722,49.0,240
2036,20210722,24.0,260
2037,20210722,20.0,240
2038,20210722,26.0,310
2039,20210722,12.0,340
2040,20210722,21.0,290
2041,20210722,10.0,310
2042,20210722,9.0,250
2043,20210722,19.0,230
2044,20210722,11.0,250
2045,20210722,27.0,220
2046,20210722,15.0,200
2047,20210722,13.0,200
2048,20210722,76.0,200
2049,20210722,54.0,180
2050,20210722,52.0,180
2051,20210801,74.0,280
2052,20210801,71.0,290
2053,20210801,72.0,230
2054,20210801,63.0,190
2055,20210801,64.0,180
2056,20210801,69.0,240
2057,20210801,73.0,180
2058,20210801,70.0,180
2059,20210801,56.0,170
2060,20210801,43.0,240
2061,20210801,75.0,530
2062,20210801,41.0,320
2063,20210801,34.0,850
2064,20210801,35.0,550
2065,20210801,36.0,200
2066,20210801,47.0,210
2067,20210801,40.0,170
2068,20210801,44.0,160
2069,20210801,53.0,600
2070,20210801,31.0,490
2071,20210801,0.0,250
2072,20210801,5.0,170
2073,20210801,3.0,200
2074,20210801,2.0,200
2075,20210801,1.0,280
2076,20210801,7.0,210
2077,20210801,6.0,210
2078,20210801,4.0,210
2079,20210801,8.0,230
2080,20210801,45.0,240
2081,20210801,57.0,200
2082,20210801,38.0,270
2083,20210801,29.0,250
2084,20210801,37.0,240
2085,20210801,39.0,220
2086,20210801,33.0,200
2087,20210801,49.0,180
2088,20210801,24.0,220
2089,20210801,20.0,190
2090,20210801,26.0,220
2091,20210801,12.0,230
2092,20210801,21.0,230
2093,20210801,10.0,240
2094,20210801,9.0,220
2095,20210801,19.0,220
2096,20210801,11.0,200
2097,20210801,27.0,260
2098,20210801,15.0,240
2099,20210801,13.0,240
2100,20210801,76.0,170
2101,20210801,54.0,190
2102,20210801,52.0,180
2103,20210808,74.0,350
2104,20210808,71.0,260
2105,20210808,72.0,340
2106,20210808,63.0,240
2107,20210808,64.0,200
2108,20210808,69.0,180
2109,20210808,73.0,180
2110,20210808,70.0,160
2111,20210808,56.0,160
2112,20210808,43.0,220
2113,20210808,75.0,590
2114,20210808,41.0,290
2115,20210808,34.0,980
2116,20210808,35.0,670
2117,20210808,36.0,170
2118,20210808,47.0,170
2119,20210808,40.0,200
2120,20210808,44.0,200
2121,20210808,53.0,780
2122,20210808,31.0,600
2123,20210808,0.0,240
2124,20210808,5.0,240
2125,20210808,3.0,240
2126,20210808,2.0,220
2127,20210808,1.0,370
2128,20210808,7.0,240
2129,20210808,6.0,200
2130,20210808,4.0,200
2131,20210808,8.0,200
2132,20210808,45.0,180
2133,20210808,57.0,170
2134,20210808,38.0,230
2135,20210808,29.0,230
2136,20210808,37.0,250
2137,20210808,39.0,210
2138,20210808,33.0,200
2139,20210808,49.0,200
2140,20210808,24.0,200
2141,20210808,20.0,200
2142,20210808,26.0,230
2143,20210808,12.0,220
2144,20210808,21.0,230
2145,20210808,10.0,310
2146,20210808,9.0,340
2147,20210808,19.0,310
2148,20210808,11.0,210
2149,20210808,27.0,220
2150,20210808,15.0,250
2151,20210808,13.0,220
2152,20210808,76.0,180
2153,20210808,54.0,160
2154,20210808,52.0,160
2155,20210815,74.0,260
2156,20210815,71.0,440
2157,20210815,72.0,400
2158,20210815,63.0,280
2159,20210815,64.0,270
2160,20210815,69.0,320
2161,20210815,73.0,240
2162,20210815,70.0,240
2163,20210815,56.0,170
2164,20210815,43.0,210
2165,20210815,75.0,440
2166,20210815,41.0,230
2167,20210815,34.0,740
2168,20210815,35.0,850
2169,20210815,47.0,280
2170,20210815,44.0,520
2171,20210815,53.0,220
2172,20210815,31.0,240
2173,20210815,0.0,220
2174,20210815,5.0,140
2175,20210815,3.0,220
2176,20210815,2.0,180
2177,20210815,1.0,260
2178,20210815,7.0,210
2179,20210815,6.0,240
2180,20210815,4.0,250
2181,20210815,8.0,310
2182,20210815,45.0,370
2183,20210815,57.0,300
2184,20210815,38.0,440
2185,20210815,29.0,240
2186,20210815,37.0,400
2187,20210815,39.0,430
2188,20210815,33.0,210
2189,20210815,49.0,200
2190,20210815,24.0,580
2191,20210815,20.0,340
2192,20210815,26.0,490
2193,20210815,12.0,250
2194,20210815,21.0,220
2195,20210815,10.0,240
2196,20210815,9.0,250
2197,20210815,19.0,240
2198,20210815,11.0,180
2199,20210815,27.0,200
2200,20210815,15.0,210
2201,20210815,13.0,200
2202,20210815,76.0,180
2203,20210815,54.0,190
2204,20210815,52.0,260
2205,20210822,74.0,230
2206,20210822,71.0,180
2207,20210822,72.0,250
2208,20210822,63.0,190
2209,20210822,64.0,190
2210,20210822,69.0,240
2211,20210822,73.0,210
2212,20210822,70.0,180
2213,20210822,56.0,160
2214,20210822,43.0,350
2215,20210822,41.0,520
2216,20210822,36.0,750
2217,20210822,47.0,280
2218,20210822,40.0,430
2219,20210822,44.0,240
2220,20210822,53.0,220
2221,20210822,31.0,220
2222,20210822,0.0,280
2223,20210822,5.0,190
2224,20210822,3.0,210
2225,20210822,2.0,260
2226,20210822,1.0,370
2227,20210822,7.0,240
2228,20210822,6.0,200
2229,20210822,4.0,330
2230,20210822,8.0,340
2231,20210822,45.0,290
2232,20210822,57.0,160
2233,20210822,38.0,510
2234,20210822,29.0,360
2235,20210822,37.0,670
2236,20210822,39.0,320
2237,20210822,33.0,240
2238,20210822,49.0,240
2239,20210822,24.0,640
2240,20210822,20.0,470
2241,20210822,26.0,620
2242,20210822,12.0,390
2243,20210822,21.0,450
2244,20210822,10.0,410
2245,20210822,9.0,440
2246,20210822,19.0,320
2247,20210822,11.0,230
2248,20210822,27.0,270
2249,20210822,15.0,230
2250,20210822,13.0,220
2251,20210822,76.0,220
2252,20210822,54.0,180
2253,20210822,52.0,180
2254,20210901,74.0,340
2255,20210901,71.0,290
2256,20210901,72.0,440
2257,20210901,63.0,210
2258,20210901,64.0,240
2259,20210901,69.0,240
2260,20210901,73.0,220
2261,20210901,70.0,170
2262,20210901,56.0,170
2263,20210901,43.0,410
2264,20210901,41.0,610
2265,20210901,36.0,840
2266,20210901,44.0,880
2267,20210901,0.0,330
2268,20210901,5.0,270
2269,20210901,3.0,280
2270,20210901,2.0,290
2271,20210901,1.0,640
2272,20210901,7.0,570
2273,20210901,6.0,400
2274,20210901,4.0,310
2275,20210901,8.0,360
2276,20210901,45.0,600
2277,20210901,57.0,360
2278,20210901,38.0,490
2279,20210901,29.0,470
2280,20210901,37.0,760
2281,20210901,39.0,300
2282,20210901,33.0,840
2283,20210901,49.0,690
2284,20210901,24.0,300
2285,20210901,20.0,350
2286,20210901,26.0,340
2287,20210901,12.0,230
2288,20210901,21.0,300
2289,20210901,10.0,500
2290,20210901,9.0,420
2291,20210901,19.0,510
2292,20210901,11.0,440
2293,20210901,27.0,330
2294,20210901,15.0,500
2295,20210901,13.0,500
2296,20210901,76.0,390
2297,20210901,54.0,210
2298,20210901,52.0,240
2299,20210908,74.0,210
2300,20210908,71.0,160
2301,20210908,72.0,210
2302,20210908,63.0,160
2303,20210908,64.0,180
2304,20210908,69.0,200
2305,20210908,73.0,180
2306,20210908,70.0,160
2307,20210908,56.0,250
2308,20210908,35.0,840
2309,20210908,36.0,470
2310,20210908,47.0,450
2311,20210908,40.0,390
2312,20210908,44.0,360
2313,20210908,53.0,500
2314,20210908,31.0,540
2315,20210908,0.0,400
2316,20210908,5.0,200
2317,20210908,3.0,380
2318,20210908,2.0,350
2319,20210908,1.0,620
2320,20210908,7.0,570
2321,20210908,6.0,360
2322,20210908,4.0,290
2323,20210908,8.0,300
2324,20210908,45.0,390
2325,20210908,57.0,260
2326,20210908,38.0,490
2327,20210908,29.0,260
2328,20210908,37.0,550
2329,20210908,39.0,350
2330,20210908,33.0,380
2331,20210908,49.0,340
2332,20210908,24.0,530
2333,20210908,20.0,420
2334,20210908,26.0,510
2335,20210908,12.0,480
2336,20210908,21.0,480
2337,20210908,10.0,540
2338,20210908,9.0,500
2339,20210908,19.0,500
2340,20210908,11.0,530
2341,20210908,27.0,290
2342,20210908,15.0,520
2343,20210908,13.0,520
2344,20210908,76.0,1000
2345,20210908,52.0,570
2346,20210915,74.0,200
2347,20210915,71.0,250
2348,20210915,72.0,260
2349,20210915,63.0,190
2350,20210915,64.0,200
2351,20210915,69.0,220
2352,20210915,73.0,190
2353,20210915,70.0,200
2354,20210915,56.0,230
2355,20210915,43.0,290
2356,20210915,75.0,820
2357,20210915,41.0,290
2358,20210915,47.0,430
2359,20210915,40.0,720
2360,20210915,53.0,220
2361,20210915,31.0,290
2362,20210915,0.0,450
2363,20210915,5.0,260
2364,20210915,3.0,370
2365,20210915,2.0,400
2366,20210915,1.0,390
2367,20210915,7.0,340
2368,20210915,6.0,410
2369,20210915,4.0,410
2370,20210915,8.0,440
2371,20210915,45.0,490
2372,20210915,57.0,260
2373,20210915,38.0,450
2374,20210915,29.0,280
2375,20210915,37.0,430
2376,20210915,39.0,510
2377,20210915,33.0,310
2378,20210915,49.0,400
2379,20210915,24.0,410
2380,20210915,20.0,480
2381,20210915,26.0,530
2382,20210915,12.0,300
2383,20210915,21.0,370
2384,20210915,10.0,530
2385,20210915,9.0,390
2386,20210915,19.0,300
2387,20210915,11.0,320
2388,20210915,27.0,340
2389,20210915,15.0,230
2390,20210915,13.0,590
2391,20210915,76.0,200
2392,20210915,54.0,190
2393,20210915,52.0,200
2394,20210922,74.0,210
2395,20210922,71.0,200
2396,20210922,72.0,200
2397,20210922,63.0,180
2398,20210922,64.0,200
2399,20210922,69.0,220
2400,20210922,73.0,220
2401,20210922,70.0,180
2402,20210922,56.0,720
2403,20210922,43.0,280
2404,20210922,75.0,640
2405,20210922,41.0,230
2406,20210922,36.0,480
2407,20210922,47.0,230
2408,20210922,40.0,390
2409,20210922,44.0,550
2410,20210922,53.0,200
2411,20210922,31.0,220
2412,20210922,0.0,300
2413,20210922,5.0,260
2414,20210922,3.0,260
2415,20210922,2.0,250
2416,20210922,1.0,370
2417,20210922,7.0,280
2418,20210922,6.0,270
2419,20210922,4.0,260
2420,20210922,8.0,300
2421,20210922,45.0,520
2422,20210922,57.0,480
2423,20210922,38.0,580
2424,20210922,29.0,560
2425,20210922,37.0,650
2426,20210922,39.0,390
2427,20210922,33.0,950
2428,20210922,24.0,300
2429,20210922,20.0,430
2430,20210922,26.0,410
2431,20210922,12.0,320
2432,20210922,21.0,360
2433,20210922,10.0,460
2434,20210922,9.0,400
2435,20210922,19.0,360
2436,20210922,11.0,250
2437,20210922,27.0,330
2438,20210922,15.0,230
2439,20210922,13.0,260
2440,20210922,76.0,220
2441,20210922,54.0,180
2442,20210922,52.0,180
2443,20211001,74.0,220
2444,20211001,71.0,350
2445,20211001,72.0,390
2446,20211001,63.0,290
2447,20211001,64.0,270
2448,20211001,69.0,220
2449,20211001,73.0,190
2450,20211001,70.0,270
2451,20211001,56.0,620
2452,20211001,43.0,360
2453,20211001,75.0,930
2454,20211001,41.0,390
2455,20211001,47.0,670
2456,20211001,53.0,360
2457,20211001,31.0,540
2458,20211001,0.0,420
2459,20211001,5.0,220
2460,20211001,3.0,370
2461,20211001,2.0,310
2462,20211001,1.0,530
2463,20211001,7.0,380
2464,20211001,6.0,380
2465,20211001,4.0,530
2466,20211001,8.0,480
2467,20211001,45.0,610
2468,20211001,57.0,480
2469,20211001,38.0,780
2470,20211001,29.0,660
2471,20211001,39.0,380
2472,20211001,24.0,510
2473,20211001,20.0,370
2474,20211001,26.0,550
2475,20211001,12.0,330
2476,20211001,21.0,420
2477,20211001,10.0,520
2478,20211001,9.0,500
2479,20211001,19.0,520
2480,20211001,11.0,500
2481,20211001,27.0,410
2482,20211001,15.0,470
2483,20211001,13.0,960
2484,20211001,76.0,460
2485,20211001,54.0,320
2486,20211001,52.0,370
2487,20211008,74.0,200
2488,20211008,71.0,180
2489,20211008,72.0,210
2490,20211008,63.0,180
2491,20211008,64.0,200
2492,20211008,69.0,200
2493,20211008,73.0,200
2494,20211008,70.0,180
2495,20211008,56.0,350
2496,20211008,43.0,880
2497,20211008,36.0,590
2498,20211008,47.0,450
2499,20211008,40.0,530
2500,20211008,44.0,420
2501,20211008,53.0,610
2502,20211008,31.0,570
2503,20211008,0.0,250
2504,20211008,5.0,200
2505,20211008,3.0,260
2506,20211008,2.0,220
2507,20211008,1.0,600
2508,20211008,7.0,670
2509,20211008,6.0,300
2510,20211008,4.0,280
2511,20211008,8.0,380
2512,20211008,45.0,420
2513,20211008,57.0,290
2514,20211008,38.0,540
2515,20211008,29.0,340
2516,20211008,37.0,470
2517,20211008,39.0,300
2518,20211008,33.0,450
2519,20211008,49.0,420
2520,20211008,24.0,300
2521,20211008,20.0,240
2522,20211008,26.0,300
2523,20211008,12.0,330
2524,20211008,21.0,280
2525,20211008,10.0,370
2526,20211008,9.0,350
2527,20211008,19.0,450
2528,20211008,11.0,440
2529,20211008,27.0,430
2530,20211008,15.0,380
2531,20211008,13.0,450
2532,20211008,76.0,870
2533,20211008,54.0,670
2534,20211015,74.0,310
2535,20211015,71.0,220
2536,20211015,72.0,380
2537,20211015,63.0,220
2538,20211015,64.0,210
2539,20211015,69.0,200
2540,20211015,73.0,200
2541,20211015,70.0,160
2542,20211015,56.0,280
2543,20211015,41.0,860
2544,20211015,47.0,460
2545,20211015,40.0,890
2546,20211015,53.0,310
2547,20211015,31.0,330
2548,20211015,0.0,300
2549,20211015,5.0,240
2550,20211015,3.0,290
2551,20211015,2.0,290
2552,20211015,1.0,360
2553,20211015,7.0,290
2554,20211015,6.0,280
2555,20211015,4.0,280
2556,20211015,8.0,320
2557,20211015,45.0,490
2558,20211015,57.0,330
2559,20211015,38.0,480
2560,20211015,29.0,770
2561,20211015,37.0,710
2562,20211015,39.0,430
2563,20211015,33.0,700
2564,20211015,49.0,670
2565,20211015,24.0,300
2566,20211015,20.0,310
2567,20211015,26.0,300
2568,20211015,12.0,290
2569,20211015,21.0,270
2570,20211015,10.0,460
2571,20211015,9.0,290
2572,20211015,19.0,490
2573,20211015,11.0,640
2574,20211015,27.0,240
2575,20211015,15.0,300
2576,20211015,13.0,870
2577,20211015,76.0,350
2578,20211015,54.0,180
2579,20211015,52.0,150
2580,20211022,74.0,450
2581,20211022,71.0,350
2582,20211022,72.0,360
2583,20211022,63.0,340
2584,20211022,64.0,500
2585,20211022,69.0,420
2586,20211022,73.0,460
2587,20211022,70.0,330
2588,20211022,43.0,980
2589,20211022,41.0,610
2590,20211022,35.0,730
2591,20211022,36.0,570
2592,20211022,47.0,480
2593,20211022,40.0,580
2594,20211022,44.0,540
2595,20211022,53.0,510
2596,20211022,31.0,520
2597,20211022,0.0,450
2598,20211022,5.0,240
2599,20211022,3.0,440
2600,20211022,2.0,440
2601,20211022,1.0,560
2602,20211022,7.0,500
2603,20211022,6.0,490
2604,20211022,4.0,460
2605,20211022,8.0,520
2606,20211022,57.0,760
2607,20211022,38.0,660
2608,20211022,37.0,500
2609,20211022,39.0,410
2610,20211022,33.0,630
2611,20211022,49.0,630
2612,20211022,24.0,420
2613,20211022,20.0,470
2614,20211022,26.0,480
2615,20211022,12.0,420
2616,20211022,21.0,470
2617,20211022,10.0,490
2618,20211022,9.0,510
2619,20211022,19.0,530
2620,20211022,11.0,350
2621,20211022,27.0,340
2622,20211022,15.0,450
2623,20211022,13.0,450
2624,20211022,76.0,480
2625,20211022,54.0,440
2626,20211022,52.0,460
0,20211101,74.0,270
1,20211101,71.0,270
2,20211101,72.0,250
3,20211101,63.0,240
4,20211101,64.0,250
5,20211101,69.0,240
6,20211101,73.0,250
7,20211101,70.0,240
8,20211101,56.0,510
9,20211101,43.0,700
10,20211101,75.0,630
11,20211101,41.0,310
12,20211101,34.0,690
13,20211101,35.0,460
14,20211101,36.0,380
15,20211101,47.0,340
16,20211101,40.0,390
17,20211101,44.0,380
18,20211101,53.0,320
19,20211101,31.0,310
20,20211101,0.0,400
21,20211101,5.0,360
22,20211101,3.0,400
23,20211101,2.0,330
24,20211101,1.0,460
25,20211101,7.0,400
26,20211101,6.0,400
27,20211101,4.0,370
28,20211101,8.0,390
29,20211101,45.0,480
30,20211101,57.0,500
31,20211101,38.0,550
32,20211101,29.0,540
33,20211101,37.0,520
34,20211101,39.0,310
35,20211101,33.0,400
36,20211101,49.0,370
37,20211101,24.0,390
38,20211101,20.0,390
39,20211101,26.0,370
40,20211101,12.0,350
41,20211101,21.0,370
42,20211101,10.0,380
43,20211101,9.0,330
44,20211101,19.0,340
45,20211101,11.0,450
46,20211101,27.0,290
47,20211101,15.0,360
48,20211101,13.0,360
49,20211101,76.0,250
50,20211101,54.0,260
51,20211101,52.0,250
52,20211108,74.0,270
53,20211108,71.0,280
54,20211108,72.0,270
55,20211108,63.0,250
56,20211108,64.0,240
57,20211108,69.0,220
58,20211108,73.0,230
59,20211108,70.0,240
60,20211108,56.0,490
61,20211108,43.0,670
62,20211108,75.0,550
63,20211108,41.0,360
64,20211108,34.0,570
65,20211108,35.0,420
66,20211108,36.0,330
67,20211108,47.0,250
68,20211108,40.0,260
69,20211108,44.0,300
70,20211108,53.0,260
71,20211108,31.0,240
72,20211108,0.0,300
73,20211108,5.0,360
74,20211108,3.0,280
75,20211108,2.0,300
76,20211108,1.0,320
77,20211108,7.0,340
78,20211108,6.0,270
79,20211108,4.0,340
80,20211108,8.0,290
81,20211108,45.0,510
82,20211108,57.0,540
83,20211108,38.0,350
84,20211108,29.0,580
85,20211108,37.0,480
86,20211108,39.0,420
87,20211108,33.0,260
88,20211108,49.0,280
89,20211108,24.0,410
90,20211108,20.0,470
91,20211108,26.0,510
92,20211108,12.0,390
93,20211108,21.0,440
94,20211108,10.0,520
95,20211108,9.0,490
96,20211108,19.0,450
97,20211108,11.0,410
98,20211108,27.0,450
99,20211108,15.0,550
100,20211108,13.0,400
101,20211108,76.0,330
102,20211108,54.0,360
103,20211108,52.0,280
104,20211115,74.0,250
105,20211115,71.0,230
106,20211115,72.0,270
107,20211115,63.0,270
108,20211115,64.0,340
109,20211115,69.0,240
110,20211115,73.0,330
111,20211115,70.0,350
112,20211115,56.0,490
113,20211115,43.0,1010
114,20211115,75.0,920
115,20211115,41.0,430
116,20211115,34.0,960
117,20211115,35.0,590
118,20211115,36.0,440
119,20211115,47.0,380
120,20211115,40.0,440
121,20211115,44.0,400
122,20211115,53.0,360
123,20211115,31.0,360
124,20211115,0.0,310
125,20211115,5.0,220
126,20211115,3.0,270
127,20211115,2.0,320
128,20211115,1.0,360
129,20211115,7.0,290
130,20211115,6.0,280
131,20211115,4.0,310
132,20211115,8.0,290
133,20211115,45.0,440
134,20211115,57.0,310
135,20211115,38.0,500
136,20211115,29.0,360
137,20211115,37.0,420
138,20211115,39.0,250
139,20211115,33.0,360
140,20211115,49.0,400
141,20211115,24.0,300
142,20211115,20.0,360
143,20211115,26.0,350
144,20211115,12.0,310
145,20211115,21.0,280
146,20211115,10.0,320
147,20211115,9.0,300
148,20211115,19.0,320
149,20211115,11.0,340
150,20211115,27.0,340
151,20211115,15.0,380
152,20211115,13.0,370
153,20211115,76.0,360
154,20211115,54.0,340
155,20211115,52.0,300
156,20211122,74.0,230
157,20211122,71.0,480
158,20211122,72.0,430
159,20211122,63.0,390
160,20211122,64.0,440
161,20211122,69.0,240
162,20211122,73.0,340
163,20211122,70.0,260
164,20211122,56.0,920
165,20211122,75.0,740
166,20211122,41.0,500
167,20211122,34.0,740
168,20211122,35.0,480
169,20211122,36.0,360
170,20211122,47.0,300
171,20211122,40.0,350
172,20211122,44.0,340
173,20211122,53.0,290
174,20211122,31.0,270
175,20211122,0.0,370
176,20211122,5.0,250
177,20211122,3.0,370
178,20211122,2.0,350
179,20211122,1.0,610
180,20211122,7.0,380
181,20211122,6.0,380
182,20211122,4.0,350
183,20211122,8.0,370
184,20211122,45.0,470
185,20211122,57.0,460
186,20211122,38.0,350
187,20211122,29.0,590
188,20211122,37.0,360
189,20211122,39.0,220
190,20211122,33.0,330
191,20211122,49.0,340
192,20211122,24.0,280
193,20211122,20.0,260
194,20211122,26.0,180
195,20211122,12.0,450
196,20211122,21.0,230
197,20211122,10.0,220
198,20211122,9.0,220
199,20211122,19.0,240
200,20211122,11.0,250
201,20211122,27.0,220
202,20211122,15.0,270
203,20211122,13.0,280
204,20211122,76.0,380
205,20211122,54.0,370
206,20211122,52.0,200
207,20211201,74.0,410
208,20211201,71.0,370
209,20211201,72.0,410
210,20211201,63.0,390
211,20211201,64.0,320
212,20211201,69.0,460
213,20211201,73.0,330
214,20211201,70.0,350
215,20211201,56.0,460
216,20211201,75.0,770
217,20211201,41.0,440
218,20211201,34.0,790
219,20211201,35.0,530
220,20211201,36.0,450
221,20211201,47.0,380
222,20211201,40.0,440
223,20211201,44.0,460
224,20211201,53.0,400
225,20211201,31.0,410
226,20211201,0.0,360
227,20211201,5.0,220
228,20211201,3.0,330
229,20211201,2.0,320
230,20211201,1.0,390
231,20211201,7.0,370
232,20211201,6.0,290
233,20211201,4.0,350
234,20211201,8.0,380
235,20211201,45.0,390
236,20211201,57.0,330
237,20211201,38.0,380
238,20211201,29.0,390
239,20211201,37.0,450
240,20211201,39.0,390
241,20211201,33.0,480
242,20211201,49.0,470
243,20211201,24.0,360
244,20211201,20.0,350
245,20211201,26.0,360
246,20211201,12.0,350
247,20211201,21.0,420
248,20211201,10.0,490
249,20211201,9.0,470
250,20211201,19.0,390
251,20211201,11.0,590
252,20211201,27.0,400
253,20211201,15.0,390
254,20211201,13.0,440
255,20211201,76.0,430
256,20211201,54.0,430
257,20211201,52.0,430
258,20211208,74.0,350
259,20211208,71.0,380
260,20211208,72.0,370
261,20211208,63.0,330
262,20211208,64.0,300
263,20211208,69.0,280
264,20211208,73.0,310
265,20211208,70.0,300
266,20211208,56.0,400
267,20211208,41.0,450
268,20211208,35.0,720
269,20211208,36.0,350
270,20211208,47.0,300
271,20211208,40.0,330
272,20211208,44.0,360
273,20211208,53.0,320
274,20211208,31.0,320
275,20211208,0.0,250
276,20211208,5.0,260
277,20211208,3.0,330
278,20211208,2.0,300
279,20211208,1.0,420
280,20211208,7.0,310
281,20211208,6.0,300
282,20211208,4.0,320
283,20211208,8.0,340
284,20211208,45.0,440
285,20211208,57.0,420
286,20211208,38.0,430
287,20211208,29.0,510
288,20211208,37.0,460
289,20211208,39.0,310
290,20211208,33.0,360
291,20211208,49.0,340
292,20211208,24.0,310
293,20211208,20.0,310
294,20211208,26.0,320
295,20211208,12.0,320
296,20211208,21.0,310
297,20211208,10.0,340
298,20211208,9.0,300
299,20211208,19.0,300
300,20211208,11.0,380
301,20211208,27.0,340
302,20211208,15.0,320
303,20211208,13.0,330
304,20211208,76.0,360
305,20211208,54.0,320
306,20211208,52.0,310
307,20211215,74.0,280
308,20211215,71.0,270
309,20211215,72.0,340
310,20211215,63.0,330
311,20211215,64.0,530
312,20211215,69.0,440
313,20211215,73.0,520
314,20211215,70.0,680
315,20211215,56.0,490
316,20211215,35.0,760
317,20211215,36.0,470
318,20211215,47.0,400
319,20211215,40.0,460
320,20211215,44.0,440
321,20211215,53.0,390
322,20211215,31.0,400
323,20211215,0.0,430
324,20211215,5.0,230
325,20211215,3.0,360
326,20211215,2.0,370
327,20211215,1.0,840
328,20211215,7.0,620
329,20211215,6.0,420
330,20211215,4.0,350
331,20211215,8.0,380
332,20211215,45.0,570
333,20211215,57.0,450
334,20211215,38.0,490
335,20211215,29.0,520
336,20211215,37.0,540
337,20211215,39.0,350
338,20211215,33.0,470
339,20211215,49.0,440
340,20211215,24.0,440
341,20211215,20.0,460
342,20211215,26.0,450
343,20211215,12.0,380
344,20211215,21.0,360
345,20211215,10.0,400
346,20211215,9.0,380
347,20211215,19.0,400
348,20211215,11.0,440
349,20211215,27.0,390
350,20211215,15.0,450
351,20211215,13.0,450
352,20211215,76.0,460
353,20211215,54.0,430
354,20211215,52.0,460
355,20211222,74.0,540
356,20211222,71.0,510
357,20211222,72.0,580
358,20211222,63.0,400
359,20211222,64.0,360
360,20211222,69.0,380
361,20211222,73.0,340
362,20211222,70.0,390
363,20211222,56.0,480
364,20211222,36.0,430
365,20211222,47.0,400
366,20211222,40.0,430
367,20211222,44.0,480
368,20211222,53.0,360
369,20211222,31.0,360
370,20211222,0.0,370
371,20211222,5.0,270
372,20211222,3.0,310
373,20211222,2.0,340
374,20211222,1.0,490
375,20211222,7.0,350
376,20211222,6.0,330
377,20211222,4.0,350
378,20211222,8.0,390
379,20211222,45.0,800
380,20211222,57.0,400
381,20211222,38.0,450
382,20211222,29.0,470
383,20211222,37.0,490
384,20211222,39.0,330
385,20211222,33.0,460
386,20211222,49.0,470
387,20211222,24.0,440
388,20211222,20.0,460
389,20211222,26.0,380
390,20211222,12.0,250
391,20211222,21.0,300
392,20211222,10.0,340
393,20211222,9.0,300
394,20211222,19.0,340
395,20211222,11.0,400
396,20211222,27.0,420
397,20211222,15.0,400
398,20211222,13.0,450
399,20211222,76.0,330
400,20211222,54.0,320
401,20211222,52.0,380
402,20220101,74.0,320
403,20220101,71.0,320
404,20220101,72.0,390
405,20220101,63.0,310
406,20220101,64.0,370
407,20220101,69.0,380
408,20220101,73.0,360
409,20220101,70.0,340
410,20220101,56.0,430
411,20220101,75.0,670
412,20220101,41.0,410
413,20220101,34.0,720
414,20220101,35.0,500
415,20220101,36.0,430
416,20220101,47.0,410
417,20220101,40.0,450
418,20220101,44.0,500
419,20220101,53.0,400
420,20220101,31.0,410
421,20220101,0.0,340
422,20220101,5.0,410
423,20220101,3.0,310
424,20220101,2.0,410
425,20220101,1.0,410
426,20220101,7.0,300
427,20220101,6.0,330
428,20220101,4.0,430
429,20220101,8.0,410
430,20220101,45.0,430
431,20220101,57.0,450
432,20220101,38.0,460
433,20220101,29.0,490
434,20220101,37.0,490
435,20220101,39.0,370
436,20220101,33.0,430
437,20220101,49.0,430
438,20220101,24.0,380
439,20220101,20.0,470
440,20220101,26.0,450
441,20220101,12.0,450
442,20220101,21.0,440
443,20220101,10.0,460
444,20220101,9.0,420
445,20220101,19.0,470
446,20220101,11.0,500
447,20220101,27.0,430
448,20220101,15.0,460
449,20220101,13.0,430
450,20220101,76.0,370
451,20220101,54.0,380
452,20220101,52.0,290
453,20220108,74.0,200
454,20220108,71.0,220
455,20220108,72.0,200
456,20220108,63.0,190
457,20220108,64.0,220
458,20220108,69.0,220
459,20220108,73.0,280
460,20220108,70.0,330
461,20220108,56.0,410
462,20220108,75.0,860
463,20220108,41.0,330
464,20220108,34.0,980
465,20220108,35.0,550
466,20220108,36.0,360
467,20220108,47.0,250
468,20220108,40.0,320
469,20220108,44.0,340
470,20220108,53.0,300
471,20220108,31.0,290
472,20220108,0.0,440
473,20220108,5.0,150
474,20220108,3.0,290
475,20220108,2.0,320
476,20220108,1.0,570
477,20220108,7.0,430
478,20220108,6.0,360
479,20220108,4.0,310
480,20220108,8.0,300
481,20220108,45.0,740
482,20220108,57.0,290
483,20220108,38.0,440
484,20220108,29.0,360
485,20220108,37.0,400
486,20220108,39.0,250
487,20220108,33.0,380
488,20220108,49.0,350
489,20220108,24.0,440
490,20220108,20.0,330
491,20220108,26.0,390
492,20220108,12.0,320
493,20220108,21.0,320
494,20220108,10.0,380
495,20220108,9.0,320
496,20220108,19.0,360
497,20220108,11.0,370
498,20220108,27.0,310
499,20220108,15.0,380
500,20220108,13.0,380
501,20220108,76.0,290
502,20220108,54.0,280
503,20220108,52.0,250
504,20220115,74.0,320
505,20220115,71.0,260
506,20220115,72.0,260
507,20220115,63.0,230
508,20220115,64.0,300
509,20220115,69.0,280
510,20220115,73.0,300
511,20220115,70.0,330
512,20220115,56.0,670
513,20220115,43.0,440
514,20220115,75.0,770
515,20220115,41.0,450
516,20220115,35.0,880
517,20220115,36.0,490
518,20220115,47.0,410
519,20220115,40.0,450
520,20220115,44.0,560
521,20220115,53.0,420
522,20220115,31.0,400
523,20220115,0.0,530
524,20220115,5.0,290
525,20220115,3.0,420
526,20220115,2.0,470
527,20220115,1.0,480
528,20220115,7.0,420
529,20220115,6.0,440
530,20220115,4.0,470
531,20220115,8.0,540
532,20220115,45.0,720
533,20220115,57.0,510
534,20220115,38.0,650
535,20220115,29.0,530
536,20220115,37.0,660
537,20220115,39.0,360
538,20220115,33.0,480
539,20220115,49.0,510
540,20220115,24.0,450
541,20220115,20.0,520
542,20220115,26.0,400
543,20220115,12.0,370
544,20220115,21.0,420
545,20220115,10.0,490
546,20220115,9.0,420
547,20220115,19.0,440
548,20220115,11.0,560
549,20220115,27.0,400
550,20220115,15.0,480
551,20220115,13.0,500
552,20220115,76.0,410
553,20220115,54.0,320
554,20220115,52.0,360
555,20220122,74.0,230
556,20220122,71.0,240
557,20220122,72.0,230
558,20220122,63.0,220
559,20220122,64.0,230
560,20220122,69.0,220
561,20220122,73.0,250
562,20220122,70.0,250
563,20220122,56.0,560
564,20220122,43.0,440
565,20220122,75.0,1010
566,20220122,41.0,330
567,20220122,44.0,990
568,20220122,53.0,350
569,20220122,31.0,420
570,20220122,0.0,450
571,20220122,5.0,260
572,20220122,3.0,480
573,20220122,2.0,570
574,20220122,1.0,550
575,20220122,7.0,450
576,20220122,6.0,520
577,20220122,4.0,610
578,20220122,8.0,630
579,20220122,45.0,750
580,20220122,57.0,580
581,20220122,38.0,710
582,20220122,29.0,740
583,20220122,37.0,750
584,20220122,39.0,710
585,20220122,33.0,790
586,20220122,49.0,890
587,20220122,24.0,550
588,20220122,20.0,610
589,20220122,26.0,620
590,20220122,12.0,440
591,20220122,21.0,470
592,20220122,10.0,670
593,20220122,9.0,630
594,20220122,19.0,620
595,20220122,11.0,590
596,20220122,27.0,430
597,20220122,15.0,600
598,20220122,13.0,620
599,20220122,76.0,320
600,20220122,54.0,270
601,20220122,52.0,340
