,date,provinceNo,o3
0,20200722,74.0,55
1,20200722,71.0,98
2,20200722,72.0,63
3,20200722,63.0,37
4,20200722,64.0,46
5,20200722,69.0,48
6,20200722,73.0,47
7,20200722,70.0,40
8,20200722,56.0,52
9,20200722,43.0,40
10,20200722,75.0,42
11,20200722,41.0,35
12,20200722,34.0,54
13,20200722,35.0,72
14,20200722,36.0,92
15,20200722,47.0,101
16,20200722,40.0,89
17,20200722,44.0,86
18,20200722,53.0,85
19,20200722,31.0,100
20,20200722,0.0,62
21,20200722,5.0,26
22,20200722,3.0,56
23,20200722,2.0,32
24,20200722,1.0,42
25,20200722,7.0,36
26,20200722,6.0,87
27,20200722,4.0,61
28,20200722,8.0,66
29,20200722,45.0,60
30,20200722,57.0,56
31,20200722,38.0,66
32,20200722,29.0,71
33,20200722,37.0,64
34,20200722,39.0,35
35,20200722,33.0,65
36,20200722,49.0,58
37,20200722,24.0,93
38,20200722,20.0,66
39,20200722,26.0,71
40,20200722,12.0,56
41,20200722,21.0,76
42,20200722,10.0,96
43,20200722,9.0,78
44,20200722,19.0,65
45,20200722,11.0,46
46,20200722,27.0,65
47,20200722,15.0,64
48,20200722,13.0,78
49,20200722,76.0,76
50,20200722,54.0,43
51,20200722,52.0,59
52,20200801,74.0,78
53,20200801,71.0,117
54,20200801,72.0,94
55,20200801,63.0,98
56,20200801,64.0,45
57,20200801,69.0,58
58,20200801,73.0,37
59,20200801,70.0,46
60,20200801,56.0,41
61,20200801,43.0,54
62,20200801,75.0,69
63,20200801,41.0,65
64,20200801,34.0,76
65,20200801,35.0,71
66,20200801,36.0,58
67,20200801,47.0,59
68,20200801,40.0,54
69,20200801,44.0,52
70,20200801,53.0,77
71,20200801,31.0,70
72,20200801,0.0,37
73,20200801,5.0,37
74,20200801,3.0,44
75,20200801,2.0,54
76,20200801,1.0,47
77,20200801,7.0,48
78,20200801,6.0,73
79,20200801,4.0,67
80,20200801,8.0,44
81,20200801,45.0,50
82,20200801,57.0,43
83,20200801,38.0,55
84,20200801,29.0,59
85,20200801,37.0,54
86,20200801,39.0,35
87,20200801,33.0,54
88,20200801,49.0,47
89,20200801,24.0,52
90,20200801,20.0,44
91,20200801,26.0,49
92,20200801,12.0,52
93,20200801,21.0,70
94,20200801,10.0,65
95,20200801,9.0,68
96,20200801,19.0,68
97,20200801,11.0,48
98,20200801,27.0,65
99,20200801,15.0,56
100,20200801,13.0,46
101,20200801,76.0,62
102,20200801,54.0,59
103,20200801,52.0,52
104,20200808,74.0,103
105,20200808,71.0,90
106,20200808,72.0,88
107,20200808,63.0,69
108,20200808,64.0,55
109,20200808,69.0,46
110,20200808,73.0,51
111,20200808,70.0,51
112,20200808,56.0,59
113,20200808,43.0,53
114,20200808,75.0,74
115,20200808,41.0,71
116,20200808,34.0,84
117,20200808,35.0,86
118,20200808,36.0,80
119,20200808,47.0,80
120,20200808,40.0,67
121,20200808,44.0,56
122,20200808,53.0,86
123,20200808,31.0,88
124,20200808,0.0,66
125,20200808,5.0,39
126,20200808,3.0,65
127,20200808,2.0,50
128,20200808,1.0,49
129,20200808,7.0,43
130,20200808,6.0,59
131,20200808,4.0,50
132,20200808,8.0,58
133,20200808,45.0,59
134,20200808,57.0,52
135,20200808,38.0,55
136,20200808,29.0,54
137,20200808,37.0,52
138,20200808,39.0,44
139,20200808,33.0,51
140,20200808,49.0,48
141,20200808,24.0,69
142,20200808,20.0,46
143,20200808,26.0,78
144,20200808,12.0,66
145,20200808,21.0,73
146,20200808,10.0,68
147,20200808,9.0,78
148,20200808,19.0,69
149,20200808,11.0,59
150,20200808,27.0,97
151,20200808,15.0,72
152,20200808,13.0,52
153,20200808,76.0,66
154,20200808,54.0,65
155,20200808,52.0,73
156,20200815,74.0,63
157,20200815,71.0,117
158,20200815,72.0,109
159,20200815,63.0,78
160,20200815,64.0,68
161,20200815,69.0,106
162,20200815,73.0,61
163,20200815,70.0,42
164,20200815,56.0,60
165,20200815,43.0,58
166,20200815,75.0,75
167,20200815,41.0,83
168,20200815,34.0,80
169,20200815,35.0,90
170,20200815,36.0,96
171,20200815,47.0,72
172,20200815,40.0,78
173,20200815,44.0,74
174,20200815,53.0,71
175,20200815,31.0,68
176,20200815,0.0,61
177,20200815,5.0,33
178,20200815,3.0,69
179,20200815,2.0,50
180,20200815,1.0,47
181,20200815,7.0,44
182,20200815,6.0,69
183,20200815,4.0,52
184,20200815,8.0,54
185,20200815,45.0,55
186,20200815,57.0,57
187,20200815,38.0,53
188,20200815,29.0,49
189,20200815,37.0,55
190,20200815,39.0,47
191,20200815,33.0,64
192,20200815,49.0,59
193,20200815,24.0,84
194,20200815,20.0,57
195,20200815,26.0,78
196,20200815,12.0,71
197,20200815,21.0,75
198,20200815,10.0,60
199,20200815,9.0,69
200,20200815,19.0,64
201,20200815,11.0,66
202,20200815,27.0,56
203,20200815,15.0,65
204,20200815,13.0,69
205,20200815,76.0,78
206,20200815,54.0,74
207,20200815,52.0,61
208,20200822,74.0,102
209,20200822,71.0,110
210,20200822,72.0,102
211,20200822,63.0,64
212,20200822,64.0,54
213,20200822,69.0,58
214,20200822,73.0,34
215,20200822,70.0,36
216,20200822,56.0,40
217,20200822,43.0,54
218,20200822,75.0,74
219,20200822,41.0,74
220,20200822,34.0,78
221,20200822,35.0,75
222,20200822,36.0,63
223,20200822,47.0,66
224,20200822,40.0,56
225,20200822,44.0,46
226,20200822,53.0,80
227,20200822,31.0,76
228,20200822,0.0,50
229,20200822,5.0,29
230,20200822,3.0,53
231,20200822,2.0,71
232,20200822,1.0,55
233,20200822,7.0,55
234,20200822,6.0,86
235,20200822,4.0,55
236,20200822,8.0,58
237,20200822,45.0,62
238,20200822,57.0,50
239,20200822,38.0,59
240,20200822,29.0,63
241,20200822,37.0,55
242,20200822,39.0,48
243,20200822,33.0,45
244,20200822,49.0,45
245,20200822,24.0,75
246,20200822,20.0,55
247,20200822,26.0,68
248,20200822,12.0,68
249,20200822,21.0,68
250,20200822,10.0,61
251,20200822,9.0,68
252,20200822,19.0,70
253,20200822,11.0,52
254,20200822,27.0,89
255,20200822,15.0,69
256,20200822,13.0,60
257,20200822,76.0,63
258,20200822,54.0,64
259,20200822,52.0,50
260,20200901,74.0,90
261,20200901,71.0,126
262,20200901,72.0,75
263,20200901,63.0,75
264,20200901,64.0,67
265,20200901,69.0,98
266,20200901,73.0,51
267,20200901,70.0,42
268,20200901,56.0,72
269,20200901,43.0,68
270,20200901,75.0,69
271,20200901,41.0,50
272,20200901,34.0,74
273,20200901,35.0,83
274,20200901,36.0,102
275,20200901,47.0,95
276,20200901,40.0,95
277,20200901,44.0,80
278,20200901,53.0,60
279,20200901,31.0,68
280,20200901,0.0,35
281,20200901,5.0,65
282,20200901,3.0,49
283,20200901,2.0,38
284,20200901,1.0,80
285,20200901,7.0,83
286,20200901,6.0,89
287,20200901,4.0,69
288,20200901,8.0,89
289,20200901,45.0,90
290,20200901,57.0,80
291,20200901,38.0,84
292,20200901,29.0,91
293,20200901,37.0,88
294,20200901,39.0,58
295,20200901,33.0,103
296,20200901,49.0,100
297,20200901,24.0,82
298,20200901,20.0,79
299,20200901,26.0,86
300,20200901,12.0,41
301,20200901,21.0,70
302,20200901,10.0,94
303,20200901,9.0,84
304,20200901,19.0,89
305,20200901,11.0,81
306,20200901,27.0,77
307,20200901,15.0,80
308,20200901,13.0,88
309,20200901,76.0,65
310,20200901,54.0,59
311,20200901,52.0,61
312,20200908,74.0,78
313,20200908,71.0,101
314,20200908,72.0,104
315,20200908,63.0,55
316,20200908,64.0,70
317,20200908,69.0,93
318,20200908,73.0,62
319,20200908,70.0,60
320,20200908,56.0,79
321,20200908,43.0,65
322,20200908,75.0,81
323,20200908,41.0,78
324,20200908,34.0,86
325,20200908,35.0,92
326,20200908,36.0,95
327,20200908,47.0,79
328,20200908,40.0,79
329,20200908,44.0,58
330,20200908,53.0,78
331,20200908,31.0,74
332,20200908,0.0,70
333,20200908,5.0,37
334,20200908,3.0,70
335,20200908,2.0,54
336,20200908,1.0,65
337,20200908,7.0,60
338,20200908,6.0,77
339,20200908,4.0,55
340,20200908,8.0,64
341,20200908,45.0,70
342,20200908,57.0,50
343,20200908,38.0,61
344,20200908,29.0,74
345,20200908,37.0,70
346,20200908,39.0,45
347,20200908,33.0,58
348,20200908,49.0,53
349,20200908,24.0,86
350,20200908,20.0,65
351,20200908,26.0,87
352,20200908,12.0,74
353,20200908,21.0,84
354,20200908,10.0,93
355,20200908,9.0,108
356,20200908,19.0,105
357,20200908,11.0,66
358,20200908,27.0,74
359,20200908,15.0,76
360,20200908,13.0,80
361,20200908,76.0,81
362,20200908,54.0,70
363,20200908,52.0,60
364,20200915,74.0,93
365,20200915,71.0,118
366,20200915,72.0,87
367,20200915,63.0,52
368,20200915,64.0,53
369,20200915,69.0,80
370,20200915,73.0,46
371,20200915,70.0,41
372,20200915,56.0,68
373,20200915,43.0,53
374,20200915,75.0,54
375,20200915,41.0,42
376,20200915,34.0,60
377,20200915,35.0,70
378,20200915,36.0,72
379,20200915,47.0,71
380,20200915,40.0,76
381,20200915,44.0,86
382,20200915,53.0,68
383,20200915,31.0,64
384,20200915,0.0,99
385,20200915,5.0,26
386,20200915,3.0,78
387,20200915,2.0,58
388,20200915,1.0,57
389,20200915,7.0,47
390,20200915,6.0,104
391,20200915,4.0,75
392,20200915,8.0,76
393,20200915,45.0,88
394,20200915,57.0,60
395,20200915,38.0,103
396,20200915,29.0,84
397,20200915,37.0,102
398,20200915,39.0,52
399,20200915,33.0,80
400,20200915,49.0,79
401,20200915,24.0,120
402,20200915,20.0,85
403,20200915,26.0,107
404,20200915,12.0,72
405,20200915,21.0,97
406,20200915,10.0,96
407,20200915,9.0,82
408,20200915,19.0,73
409,20200915,11.0,78
410,20200915,27.0,64
411,20200915,15.0,90
412,20200915,13.0,88
413,20200915,76.0,56
414,20200915,54.0,61
415,20200915,52.0,59
416,20200922,74.0,32
417,20200922,71.0,90
418,20200922,72.0,79
419,20200922,63.0,35
420,20200922,64.0,40
421,20200922,69.0,64
422,20200922,73.0,44
423,20200922,70.0,35
424,20200922,56.0,38
425,20200922,43.0,33
426,20200922,75.0,16
427,20200922,41.0,34
428,20200922,34.0,34
429,20200922,35.0,77
430,20200922,36.0,122
431,20200922,47.0,69
432,20200922,40.0,73
433,20200922,44.0,50
434,20200922,53.0,56
435,20200922,31.0,57
436,20200922,0.0,48
437,20200922,5.0,27
438,20200922,3.0,53
439,20200922,2.0,36
440,20200922,1.0,122
441,20200922,7.0,72
442,20200922,6.0,58
443,20200922,4.0,40
444,20200922,8.0,40
445,20200922,45.0,54
446,20200922,57.0,36
447,20200922,38.0,79
448,20200922,29.0,54
449,20200922,37.0,79
450,20200922,39.0,36
451,20200922,33.0,53
452,20200922,49.0,98
453,20200922,24.0,46
454,20200922,20.0,53
455,20200922,26.0,59
456,20200922,12.0,57
457,20200922,21.0,62
458,20200922,10.0,92
459,20200922,9.0,84
460,20200922,19.0,67
461,20200922,11.0,66
462,20200922,27.0,48
463,20200922,15.0,71
464,20200922,13.0,92
465,20200922,76.0,52
466,20200922,54.0,57
467,20200922,52.0,36
468,20201001,74.0,51
469,20201001,71.0,69
470,20201001,72.0,67
471,20201001,63.0,33
472,20201001,64.0,36
473,20201001,69.0,46
474,20201001,73.0,26
475,20201001,70.0,29
476,20201001,56.0,22
477,20201001,43.0,31
478,20201001,75.0,27
479,20201001,41.0,37
480,20201001,34.0,15
481,20201001,35.0,17
482,20201001,36.0,21
483,20201001,47.0,18
484,20201001,40.0,24
485,20201001,44.0,30
486,20201001,53.0,15
487,20201001,31.0,21
488,20201001,0.0,34
489,20201001,5.0,7
490,20201001,3.0,35
491,20201001,2.0,18
492,20201001,1.0,59
493,20201001,7.0,32
494,20201001,6.0,23
495,20201001,4.0,22
496,20201001,8.0,31
497,20201001,45.0,31
498,20201001,57.0,24
499,20201001,38.0,39
500,20201001,29.0,33
501,20201001,37.0,27
502,20201001,39.0,24
503,20201001,33.0,28
504,20201001,49.0,31
505,20201001,24.0,42
506,20201001,20.0,29
507,20201001,26.0,50
508,20201001,12.0,31
509,20201001,21.0,41
510,20201001,10.0,42
511,20201001,9.0,50
512,20201001,19.0,44
513,20201001,11.0,26
514,20201001,27.0,42
515,20201001,15.0,37
516,20201001,13.0,38
517,20201001,76.0,30
518,20201001,54.0,33
519,20201001,52.0,24
520,20201008,74.0,34
521,20201008,71.0,27
522,20201008,72.0,26
523,20201008,63.0,20
524,20201008,64.0,33
525,20201008,69.0,34
526,20201008,73.0,33
527,20201008,70.0,31
528,20201008,56.0,54
529,20201008,43.0,26
530,20201008,75.0,25
531,20201008,41.0,45
532,20201008,34.0,33
533,20201008,35.0,44
534,20201008,36.0,52
535,20201008,47.0,42
536,20201008,40.0,48
537,20201008,44.0,50
538,20201008,53.0,55
539,20201008,31.0,50
540,20201008,0.0,62
541,20201008,5.0,55
542,20201008,3.0,60
543,20201008,2.0,57
544,20201008,1.0,70
545,20201008,7.0,71
546,20201008,6.0,75
547,20201008,4.0,54
548,20201008,8.0,38
549,20201008,45.0,55
550,20201008,57.0,50
551,20201008,38.0,58
552,20201008,29.0,43
553,20201008,37.0,59
554,20201008,39.0,52
555,20201008,33.0,57
556,20201008,49.0,52
557,20201008,24.0,60
558,20201008,20.0,40
559,20201008,26.0,67
560,20201008,12.0,53
561,20201008,21.0,65
562,20201008,10.0,69
563,20201008,9.0,65
564,20201008,19.0,59
565,20201008,11.0,69
566,20201008,27.0,34
567,20201008,15.0,66
568,20201008,13.0,59
569,20201008,76.0,64
570,20201008,54.0,76
571,20201008,52.0,34
0,20201015,74.0,43
1,20201015,71.0,42
2,20201015,72.0,38
3,20201015,63.0,39
4,20201015,64.0,37
5,20201015,69.0,52
6,20201015,73.0,36
7,20201015,70.0,37
8,20201015,56.0,37
9,20201015,43.0,73
10,20201015,75.0,107
11,20201015,41.0,122
12,20201015,34.0,189
13,20201015,35.0,182
14,20201015,36.0,124
15,20201015,47.0,133
16,20201015,40.0,210
17,20201015,44.0,96
18,20201015,53.0,143
19,20201015,31.0,148
20,20201015,0.0,51
21,20201015,5.0,32
22,20201015,3.0,51
23,20201015,2.0,35
24,20201015,1.0,98
25,20201015,7.0,73
26,20201015,6.0,39
27,20201015,4.0,33
28,20201015,8.0,27
29,20201015,45.0,38
30,20201015,57.0,31
31,20201015,38.0,33
32,20201015,29.0,31
33,20201015,37.0,55
34,20201015,39.0,36
35,20201015,33.0,60
36,20201015,49.0,65
37,20201015,24.0,50
38,20201015,20.0,30
39,20201015,26.0,51
40,20201015,12.0,52
41,20201015,21.0,68
42,20201015,10.0,89
43,20201015,9.0,68
44,20201015,19.0,69
45,20201015,11.0,67
46,20201015,27.0,16
47,20201015,15.0,79
48,20201015,13.0,76
49,20201015,76.0,74
50,20201015,54.0,42
51,20201015,52.0,43
52,20201022,74.0,32
53,20201022,71.0,24
54,20201022,72.0,43
55,20201022,63.0,33
56,20201022,64.0,33
57,20201022,69.0,30
58,20201022,73.0,28
59,20201022,70.0,40
60,20201022,56.0,85
61,20201022,43.0,310
62,20201022,75.0,155
63,20201022,41.0,120
64,20201022,34.0,144
65,20201022,35.0,116
66,20201022,36.0,136
67,20201022,47.0,93
68,20201022,40.0,112
69,20201022,44.0,95
70,20201022,53.0,88
71,20201022,31.0,78
72,20201022,0.0,47
73,20201022,5.0,53
74,20201022,3.0,41
75,20201022,2.0,38
76,20201022,1.0,63
77,20201022,7.0,61
78,20201022,6.0,49
79,20201022,4.0,35
80,20201022,8.0,49
81,20201022,45.0,64
82,20201022,57.0,46
83,20201022,38.0,76
84,20201022,29.0,38
85,20201022,37.0,66
86,20201022,39.0,61
87,20201022,33.0,81
88,20201022,49.0,81
89,20201022,24.0,92
90,20201022,20.0,69
91,20201022,26.0,105
92,20201022,12.0,96
93,20201022,21.0,109
94,20201022,10.0,107
95,20201022,9.0,103
96,20201022,19.0,117
97,20201022,11.0,100
98,20201022,27.0,100
99,20201022,15.0,122
100,20201022,13.0,98
101,20201022,76.0,85
102,20201022,54.0,87
103,20201022,52.0,49
104,20201101,74.0,47
105,20201101,71.0,37
106,20201101,72.0,48
107,20201101,63.0,45
108,20201101,64.0,54
109,20201101,69.0,42
110,20201101,73.0,35
111,20201101,70.0,26
112,20201101,56.0,55
113,20201101,43.0,129
114,20201101,75.0,49
115,20201101,41.0,89
116,20201101,34.0,42
117,20201101,35.0,47
118,20201101,36.0,100
119,20201101,47.0,71
120,20201101,40.0,90
121,20201101,44.0,80
122,20201101,53.0,64
123,20201101,31.0,65
124,20201101,0.0,49
125,20201101,5.0,52
126,20201101,3.0,50
127,20201101,2.0,61
128,20201101,1.0,82
129,20201101,7.0,83
130,20201101,6.0,71
131,20201101,4.0,57
132,20201101,8.0,76
133,20201101,45.0,61
134,20201101,57.0,65
135,20201101,38.0,60
136,20201101,29.0,76
137,20201101,37.0,62
138,20201101,39.0,74
139,20201101,33.0,84
140,20201101,49.0,84
141,20201101,24.0,92
142,20201101,20.0,97
143,20201101,26.0,107
144,20201101,12.0,79
145,20201101,21.0,92
146,20201101,10.0,105
147,20201101,9.0,94
148,20201101,19.0,87
149,20201101,11.0,99
150,20201101,27.0,78
151,20201101,15.0,87
152,20201101,13.0,79
153,20201101,76.0,50
154,20201101,54.0,61
155,20201101,52.0,48
156,20201108,74.0,56
157,20201108,71.0,57
158,20201108,72.0,67
159,20201108,63.0,53
160,20201108,64.0,65
161,20201108,69.0,72
162,20201108,73.0,53
163,20201108,70.0,35
164,20201108,56.0,86
165,20201108,43.0,157
166,20201108,75.0,106
167,20201108,41.0,99
168,20201108,34.0,100
169,20201108,35.0,105
170,20201108,36.0,123
171,20201108,47.0,102
172,20201108,40.0,121
173,20201108,44.0,112
174,20201108,53.0,97
175,20201108,31.0,97
176,20201108,0.0,62
177,20201108,5.0,45
178,20201108,3.0,60
179,20201108,2.0,54
180,20201108,1.0,65
181,20201108,7.0,60
182,20201108,6.0,53
183,20201108,4.0,54
184,20201108,8.0,66
185,20201108,45.0,83
186,20201108,57.0,77
187,20201108,38.0,83
188,20201108,29.0,90
189,20201108,37.0,98
190,20201108,39.0,74
191,20201108,33.0,92
192,20201108,49.0,95
193,20201108,24.0,96
194,20201108,20.0,83
195,20201108,26.0,101
196,20201108,12.0,96
197,20201108,21.0,101
198,20201108,10.0,105
199,20201108,9.0,113
200,20201108,19.0,110
201,20201108,11.0,113
202,20201108,27.0,110
203,20201108,15.0,112
204,20201108,13.0,115
205,20201108,76.0,92
206,20201108,54.0,91
207,20201108,52.0,25
208,20201115,74.0,65
209,20201115,71.0,72
210,20201115,72.0,79
211,20201115,63.0,58
212,20201115,64.0,82
213,20201115,69.0,64
214,20201115,73.0,88
215,20201115,70.0,115
216,20201115,56.0,139
217,20201115,43.0,458
218,20201115,75.0,297
219,20201115,41.0,172
220,20201115,34.0,268
221,20201115,35.0,211
222,20201115,36.0,187
223,20201115,47.0,123
224,20201115,40.0,130
225,20201115,44.0,115
226,20201115,53.0,125
227,20201115,31.0,120
228,20201115,0.0,96
229,20201115,5.0,89
230,20201115,3.0,91
231,20201115,2.0,80
232,20201115,1.0,118
233,20201115,7.0,115
234,20201115,6.0,105
235,20201115,4.0,81
236,20201115,8.0,88
237,20201115,45.0,101
238,20201115,57.0,84
239,20201115,38.0,132
240,20201115,29.0,95
241,20201115,37.0,137
242,20201115,39.0,79
243,20201115,33.0,117
244,20201115,49.0,124
245,20201115,24.0,97
246,20201115,20.0,92
247,20201115,26.0,111
248,20201115,12.0,67
249,20201115,21.0,105
250,20201115,10.0,108
251,20201115,9.0,112
252,20201115,19.0,114
253,20201115,11.0,110
254,20201115,27.0,100
255,20201115,15.0,133
256,20201115,13.0,123
257,20201115,76.0,127
258,20201115,54.0,119
259,20201115,52.0,85
260,20201122,74.0,41
261,20201122,71.0,38
262,20201122,72.0,61
263,20201122,63.0,39
264,20201122,64.0,59
265,20201122,69.0,36
266,20201122,73.0,41
267,20201122,70.0,36
268,20201122,56.0,95
269,20201122,43.0,32
270,20201122,75.0,13
271,20201122,41.0,82
272,20201122,34.0,13
273,20201122,35.0,22
274,20201122,36.0,55
275,20201122,47.0,60
276,20201122,40.0,105
277,20201122,44.0,155
278,20201122,53.0,56
279,20201122,31.0,64
280,20201122,0.0,93
281,20201122,5.0,46
282,20201122,3.0,115
283,20201122,2.0,54
284,20201122,1.0,117
285,20201122,7.0,118
286,20201122,6.0,195
287,20201122,4.0,76
288,20201122,8.0,90
289,20201122,45.0,130
290,20201122,57.0,111
291,20201122,38.0,102
292,20201122,29.0,120
293,20201122,37.0,125
294,20201122,39.0,68
295,20201122,33.0,144
296,20201122,49.0,147
297,20201122,24.0,52
298,20201122,20.0,71
299,20201122,26.0,54
300,20201122,12.0,33
301,20201122,21.0,43
302,20201122,10.0,66
303,20201122,9.0,51
304,20201122,19.0,57
305,20201122,11.0,86
306,20201122,27.0,57
307,20201122,15.0,70
308,20201122,13.0,74
309,20201122,76.0,48
310,20201122,54.0,36
311,20201122,52.0,20
312,20201201,74.0,15
313,20201201,71.0,28
314,20201201,72.0,60
315,20201201,63.0,38
316,20201201,64.0,58
317,20201201,69.0,44
318,20201201,73.0,61
319,20201201,70.0,73
320,20201201,56.0,114
321,20201201,43.0,179
322,20201201,75.0,124
323,20201201,41.0,117
324,20201201,34.0,123
325,20201201,35.0,114
326,20201201,36.0,111
327,20201201,47.0,96
328,20201201,40.0,104
329,20201201,44.0,112
330,20201201,53.0,111
331,20201201,31.0,102
332,20201201,0.0,78
333,20201201,5.0,57
334,20201201,3.0,75
335,20201201,2.0,65
336,20201201,1.0,90
337,20201201,7.0,75
338,20201201,6.0,85
339,20201201,4.0,83
340,20201201,8.0,93
341,20201201,45.0,127
342,20201201,57.0,98
343,20201201,38.0,125
344,20201201,29.0,114
345,20201201,37.0,133
346,20201201,39.0,84
347,20201201,33.0,118
348,20201201,49.0,110
349,20201201,24.0,119
350,20201201,20.0,102
351,20201201,26.0,135
352,20201201,12.0,112
353,20201201,21.0,134
354,20201201,10.0,138
355,20201201,9.0,128
356,20201201,19.0,125
357,20201201,11.0,134
358,20201201,27.0,94
359,20201201,15.0,111
360,20201201,13.0,107
361,20201201,76.0,115
362,20201201,54.0,105
363,20201201,52.0,59
364,20201208,74.0,68
365,20201208,71.0,68
366,20201208,72.0,76
367,20201208,63.0,69
368,20201208,64.0,139
369,20201208,69.0,88
370,20201208,73.0,136
371,20201208,70.0,80
372,20201208,56.0,146
373,20201208,43.0,399
374,20201208,75.0,218
375,20201208,41.0,137
376,20201208,34.0,218
377,20201208,35.0,179
378,20201208,36.0,154
379,20201208,47.0,101
380,20201208,40.0,119
381,20201208,44.0,116
382,20201208,53.0,108
383,20201208,31.0,96
384,20201208,0.0,81
385,20201208,5.0,85
386,20201208,3.0,87
387,20201208,2.0,88
388,20201208,1.0,113
389,20201208,7.0,115
390,20201208,6.0,111
391,20201208,4.0,97
392,20201208,8.0,104
393,20201208,45.0,133
394,20201208,57.0,122
395,20201208,38.0,130
396,20201208,29.0,127
397,20201208,37.0,137
398,20201208,39.0,96
399,20201208,33.0,128
400,20201208,49.0,134
401,20201208,24.0,123
402,20201208,20.0,113
403,20201208,26.0,139
404,20201208,12.0,109
405,20201208,21.0,139
406,20201208,10.0,136
407,20201208,9.0,126
408,20201208,19.0,131
409,20201208,11.0,127
410,20201208,27.0,138
411,20201208,15.0,132
412,20201208,13.0,122
413,20201208,76.0,115
414,20201208,54.0,103
415,20201208,52.0,66
416,20201215,74.0,44
417,20201215,71.0,47
418,20201215,72.0,53
419,20201215,63.0,52
420,20201215,64.0,61
421,20201215,69.0,68
422,20201215,73.0,36
423,20201215,70.0,34
424,20201215,56.0,100
425,20201215,43.0,212
426,20201215,75.0,75
427,20201215,41.0,69
428,20201215,34.0,75
429,20201215,35.0,90
430,20201215,36.0,120
431,20201215,47.0,66
432,20201215,40.0,78
433,20201215,44.0,85
434,20201215,53.0,73
435,20201215,31.0,63
436,20201215,0.0,109
437,20201215,5.0,59
438,20201215,3.0,64
439,20201215,2.0,59
440,20201215,1.0,128
441,20201215,7.0,110
442,20201215,6.0,89
443,20201215,4.0,60
444,20201215,8.0,69
445,20201215,45.0,107
446,20201215,57.0,78
447,20201215,38.0,83
448,20201215,29.0,103
449,20201215,37.0,93
450,20201215,39.0,52
451,20201215,33.0,77
452,20201215,49.0,80
453,20201215,24.0,109
454,20201215,20.0,94
455,20201215,26.0,117
456,20201215,12.0,113
457,20201215,21.0,130
458,20201215,10.0,117
459,20201215,9.0,125
460,20201215,19.0,141
461,20201215,11.0,85
462,20201215,27.0,70
463,20201215,15.0,75
464,20201215,13.0,66
465,20201215,76.0,65
466,20201215,54.0,56
467,20201215,52.0,34
468,20201222,74.0,88
469,20201222,71.0,93
470,20201222,72.0,97
471,20201222,63.0,78
472,20201222,64.0,102
473,20201222,69.0,104
474,20201222,73.0,101
475,20201222,70.0,105
476,20201222,56.0,120
477,20201222,43.0,474
478,20201222,75.0,301
479,20201222,41.0,160
480,20201222,34.0,231
481,20201222,35.0,179
482,20201222,36.0,152
483,20201222,47.0,105
484,20201222,40.0,115
485,20201222,44.0,116
486,20201222,53.0,102
487,20201222,31.0,102
488,20201222,0.0,96
489,20201222,5.0,63
490,20201222,3.0,85
491,20201222,2.0,75
492,20201222,1.0,101
493,20201222,7.0,87
494,20201222,6.0,85
495,20201222,4.0,75
496,20201222,8.0,82
497,20201222,45.0,108
498,20201222,57.0,82
499,20201222,38.0,124
500,20201222,29.0,96
501,20201222,37.0,139
502,20201222,39.0,76
503,20201222,33.0,125
504,20201222,49.0,119
505,20201222,24.0,110
506,20201222,20.0,97
507,20201222,26.0,115
508,20201222,12.0,110
509,20201222,21.0,119
510,20201222,10.0,105
511,20201222,9.0,111
512,20201222,19.0,134
513,20201222,11.0,105
514,20201222,27.0,114
515,20201222,15.0,135
516,20201222,13.0,118
517,20201222,76.0,106
518,20201222,54.0,96
519,20201222,52.0,74
520,20210101,74.0,118
521,20210101,71.0,78
522,20210101,72.0,84
523,20210101,63.0,83
524,20210101,64.0,99
525,20210101,69.0,88
526,20210101,73.0,85
527,20210101,70.0,87
528,20210101,56.0,121
529,20210101,43.0,447
530,20210101,75.0,265
531,20210101,41.0,131
532,20210101,34.0,226
533,20210101,35.0,173
534,20210101,36.0,144
535,20210101,47.0,108
536,20210101,40.0,113
537,20210101,44.0,108
538,20210101,53.0,105
539,20210101,31.0,105
540,20210101,0.0,91
541,20210101,5.0,62
542,20210101,3.0,87
543,20210101,2.0,91
544,20210101,1.0,100
545,20210101,7.0,99
546,20210101,6.0,112
547,20210101,4.0,91
548,20210101,8.0,104
549,20210101,45.0,121
550,20210101,57.0,115
551,20210101,38.0,121
552,20210101,29.0,119
553,20210101,37.0,134
554,20210101,39.0,89
555,20210101,33.0,119
556,20210101,49.0,112
557,20210101,24.0,101
558,20210101,20.0,106
559,20210101,26.0,98
560,20210101,12.0,88
561,20210101,21.0,95
562,20210101,10.0,99
563,20210101,9.0,102
564,20210101,19.0,110
565,20210101,11.0,109
566,20210101,27.0,98
567,20210101,15.0,115
568,20210101,13.0,114
569,20210101,76.0,107
570,20210101,54.0,100
571,20210101,52.0,77
572,20210108,74.0,59
573,20210108,71.0,61
574,20210108,72.0,68
575,20210108,63.0,57
576,20210108,64.0,58
577,20210108,69.0,62
578,20210108,73.0,83
579,20210108,70.0,46
580,20210108,56.0,142
581,20210108,43.0,127
582,20210108,75.0,118
583,20210108,41.0,131
584,20210108,34.0,114
585,20210108,35.0,114
586,20210108,36.0,131
587,20210108,47.0,117
588,20210108,40.0,148
589,20210108,44.0,148
590,20210108,53.0,109
591,20210108,31.0,110
592,20210108,0.0,70
593,20210108,5.0,64
594,20210108,3.0,74
595,20210108,2.0,84
596,20210108,1.0,86
597,20210108,7.0,90
598,20210108,6.0,78
599,20210108,4.0,89
600,20210108,8.0,81
601,20210108,45.0,101
602,20210108,57.0,84
603,20210108,38.0,110
604,20210108,29.0,90
605,20210108,37.0,115
606,20210108,39.0,116
607,20210108,33.0,152
608,20210108,49.0,153
609,20210108,24.0,67
610,20210108,20.0,118
611,20210108,26.0,113
612,20210108,12.0,50
613,20210108,21.0,127
614,20210108,10.0,144
615,20210108,9.0,136
616,20210108,19.0,116
617,20210108,11.0,144
618,20210108,27.0,114
619,20210108,15.0,112
620,20210108,13.0,123
621,20210108,76.0,114
622,20210108,54.0,83
623,20210108,52.0,52
624,20210115,74.0,75
625,20210115,71.0,73
626,20210115,72.0,89
627,20210115,63.0,68
628,20210115,64.0,86
629,20210115,69.0,78
630,20210115,73.0,84
631,20210115,70.0,86
632,20210115,56.0,206
633,20210115,43.0,305
634,20210115,75.0,206
635,20210115,41.0,213
636,20210115,34.0,201
637,20210115,35.0,165
638,20210115,36.0,141
639,20210115,47.0,108
640,20210115,40.0,131
641,20210115,44.0,175
642,20210115,53.0,122
643,20210115,31.0,109
644,20210115,0.0,77
645,20210115,5.0,71
646,20210115,3.0,84
647,20210115,2.0,88
648,20210115,1.0,110
649,20210115,7.0,102
650,20210115,6.0,130
651,20210115,4.0,110
652,20210115,8.0,139
653,20210115,45.0,163
654,20210115,57.0,132
655,20210115,38.0,156
656,20210115,29.0,141
657,20210115,37.0,128
658,20210115,39.0,103
659,20210115,33.0,141
660,20210115,49.0,153
661,20210115,24.0,90
662,20210115,20.0,108
663,20210115,26.0,106
664,20210115,12.0,78
665,20210115,21.0,93
666,20210115,10.0,114
667,20210115,9.0,98
668,20210115,19.0,98
669,20210115,11.0,116
670,20210115,27.0,93
671,20210115,15.0,102
672,20210115,13.0,108
673,20210115,76.0,112
674,20210115,54.0,112
675,20210115,52.0,97
676,20210122,74.0,56
677,20210122,71.0,92
678,20210122,72.0,79
679,20210122,63.0,71
680,20210122,64.0,76
681,20210122,69.0,92
682,20210122,73.0,76
683,20210122,70.0,68
684,20210122,56.0,180
685,20210122,43.0,508
686,20210122,75.0,446
687,20210122,41.0,437
688,20210122,34.0,418
689,20210122,35.0,338
690,20210122,36.0,283
691,20210122,47.0,164
692,20210122,40.0,197
693,20210122,44.0,233
694,20210122,53.0,129
695,20210122,31.0,104
696,20210122,0.0,104
697,20210122,5.0,82
698,20210122,3.0,101
699,20210122,2.0,103
700,20210122,1.0,118
701,20210122,7.0,90
702,20210122,6.0,143
703,20210122,4.0,111
704,20210122,8.0,137
705,20210122,45.0,187
706,20210122,57.0,114
707,20210122,38.0,155
708,20210122,29.0,132
709,20210122,37.0,157
710,20210122,39.0,106
711,20210122,33.0,150
712,20210122,49.0,153
713,20210122,24.0,90
714,20210122,20.0,119
715,20210122,26.0,95
716,20210122,12.0,72
717,20210122,21.0,85
718,20210122,10.0,114
719,20210122,9.0,92
720,20210122,19.0,91
721,20210122,11.0,135
722,20210122,27.0,81
723,20210122,15.0,107
724,20210122,13.0,131
725,20210122,76.0,148
726,20210122,54.0,216
727,20210122,52.0,75
728,20210201,74.0,79
729,20210201,71.0,72
730,20210201,72.0,86
731,20210201,63.0,69
732,20210201,64.0,79
733,20210201,69.0,98
734,20210201,73.0,80
735,20210201,70.0,103
736,20210201,56.0,180
737,20210201,43.0,452
738,20210201,75.0,276
739,20210201,41.0,223
740,20210201,34.0,295
741,20210201,35.0,213
742,20210201,36.0,199
743,20210201,47.0,141
744,20210201,40.0,132
745,20210201,44.0,117
746,20210201,53.0,107
747,20210201,31.0,108
748,20210201,0.0,80
749,20210201,5.0,59
750,20210201,3.0,75
751,20210201,2.0,90
752,20210201,1.0,119
753,20210201,7.0,114
754,20210201,6.0,159
755,20210201,4.0,90
756,20210201,8.0,110
757,20210201,45.0,142
758,20210201,57.0,112
759,20210201,38.0,157
760,20210201,29.0,118
761,20210201,37.0,150
762,20210201,39.0,86
763,20210201,33.0,121
764,20210201,49.0,109
765,20210201,24.0,78
766,20210201,20.0,87
767,20210201,26.0,94
768,20210201,12.0,77
769,20210201,21.0,81
770,20210201,10.0,113
771,20210201,9.0,98
772,20210201,19.0,91
773,20210201,11.0,102
774,20210201,27.0,82
775,20210201,15.0,93
776,20210201,13.0,99
777,20210201,76.0,110
778,20210201,54.0,120
779,20210201,52.0,94
780,20210208,74.0,64
781,20210208,71.0,76
782,20210208,72.0,68
783,20210208,63.0,54
784,20210208,64.0,59
785,20210208,69.0,66
786,20210208,73.0,57
787,20210208,70.0,60
788,20210208,56.0,150
789,20210208,43.0,73
790,20210208,75.0,159
791,20210208,41.0,95
792,20210208,34.0,213
793,20210208,35.0,265
794,20210208,36.0,189
795,20210208,47.0,116
796,20210208,40.0,213
797,20210208,44.0,190
798,20210208,53.0,136
799,20210208,31.0,123
800,20210208,0.0,42
801,20210208,5.0,39
802,20210208,3.0,49
803,20210208,2.0,74
804,20210208,1.0,73
805,20210208,7.0,73
806,20210208,6.0,94
807,20210208,4.0,65
808,20210208,8.0,94
809,20210208,45.0,137
810,20210208,57.0,115
811,20210208,38.0,129
812,20210208,29.0,122
813,20210208,37.0,112
814,20210208,39.0,93
815,20210208,33.0,225
816,20210208,49.0,213
817,20210208,24.0,75
818,20210208,20.0,79
819,20210208,26.0,76
820,20210208,12.0,69
821,20210208,21.0,72
822,20210208,10.0,99
823,20210208,9.0,77
824,20210208,19.0,78
825,20210208,11.0,96
826,20210208,27.0,60
827,20210208,15.0,98
828,20210208,13.0,98
829,20210208,76.0,123
830,20210208,54.0,95
831,20210208,52.0,60
832,20210215,74.0,98
833,20210215,71.0,108
834,20210215,72.0,99
835,20210215,63.0,79
836,20210215,64.0,96
837,20210215,69.0,90
838,20210215,73.0,90
839,20210215,70.0,87
840,20210215,56.0,131
841,20210215,43.0,85
842,20210215,75.0,111
843,20210215,41.0,91
844,20210215,34.0,141
845,20210215,35.0,182
846,20210215,36.0,177
847,20210215,47.0,116
848,20210215,40.0,161
849,20210215,44.0,169
850,20210215,53.0,107
851,20210215,31.0,98
852,20210215,0.0,86
853,20210215,5.0,70
854,20210215,3.0,95
855,20210215,2.0,83
856,20210215,1.0,139
857,20210215,7.0,120
858,20210215,6.0,118
859,20210215,4.0,88
860,20210215,8.0,117
861,20210215,45.0,153
862,20210215,57.0,110
863,20210215,38.0,140
864,20210215,29.0,129
865,20210215,37.0,148
866,20210215,39.0,90
867,20210215,33.0,193
868,20210215,49.0,193
869,20210215,24.0,93
870,20210215,20.0,103
871,20210215,26.0,110
872,20210215,12.0,78
873,20210215,21.0,96
874,20210215,10.0,131
875,20210215,9.0,101
876,20210215,19.0,107
877,20210215,11.0,118
878,20210215,27.0,98
879,20210215,15.0,115
880,20210215,13.0,126
881,20210215,76.0,123
882,20210215,54.0,87
883,20210215,52.0,82
884,20210222,74.0,101
885,20210222,71.0,106
886,20210222,72.0,94
887,20210222,63.0,87
888,20210222,64.0,98
889,20210222,69.0,102
890,20210222,73.0,100
891,20210222,70.0,110
892,20210222,56.0,240
893,20210222,43.0,329
894,20210222,75.0,300
895,20210222,41.0,194
896,20210222,34.0,377
897,20210222,35.0,335
898,20210222,36.0,244
899,20210222,47.0,131
900,20210222,40.0,311
901,20210222,44.0,284
902,20210222,53.0,133
903,20210222,31.0,126
904,20210222,0.0,52
905,20210222,5.0,41
906,20210222,3.0,57
907,20210222,2.0,87
908,20210222,1.0,107
909,20210222,7.0,99
910,20210222,6.0,167
911,20210222,4.0,108
912,20210222,8.0,134
913,20210222,45.0,174
914,20210222,57.0,134
915,20210222,38.0,165
916,20210222,29.0,152
917,20210222,37.0,167
918,20210222,39.0,107
919,20210222,33.0,147
920,20210222,49.0,200
921,20210222,24.0,109
922,20210222,20.0,126
923,20210222,26.0,115
924,20210222,12.0,84
925,20210222,21.0,106
926,20210222,10.0,136
927,20210222,9.0,98
928,20210222,19.0,109
929,20210222,11.0,136
930,20210222,27.0,103
931,20210222,15.0,121
932,20210222,13.0,135
933,20210222,76.0,167
934,20210222,54.0,127
935,20210222,52.0,114
936,20210301,74.0,65
937,20210301,71.0,79
938,20210301,72.0,65
939,20210301,63.0,62
940,20210301,64.0,57
941,20210301,69.0,66
942,20210301,73.0,68
943,20210301,70.0,70
944,20210301,56.0,165
945,20210301,43.0,72
946,20210301,75.0,122
947,20210301,41.0,79
948,20210301,34.0,171
949,20210301,35.0,250
950,20210301,36.0,298
951,20210301,47.0,120
952,20210301,40.0,173
953,20210301,44.0,233
954,20210301,53.0,101
955,20210301,31.0,105
956,20210301,0.0,103
957,20210301,5.0,106
958,20210301,3.0,134
959,20210301,2.0,110
960,20210301,1.0,155
961,20210301,7.0,126
962,20210301,6.0,208
963,20210301,4.0,101
964,20210301,8.0,126
965,20210301,45.0,131
966,20210301,57.0,128
967,20210301,38.0,171
968,20210301,29.0,119
969,20210301,37.0,220
970,20210301,39.0,133
971,20210301,33.0,242
972,20210301,49.0,245
973,20210301,24.0,123
974,20210301,20.0,147
975,20210301,26.0,141
976,20210301,12.0,96
977,20210301,21.0,104
978,20210301,10.0,149
979,20210301,9.0,114
980,20210301,19.0,121
981,20210301,11.0,131
982,20210301,27.0,97
983,20210301,15.0,97
984,20210301,13.0,117
985,20210301,76.0,112
986,20210301,54.0,70
987,20210301,52.0,61
988,20210308,74.0,56
989,20210308,71.0,52
990,20210308,72.0,48
991,20210308,63.0,44
992,20210308,64.0,46
993,20210308,69.0,50
994,20210308,73.0,47
995,20210308,70.0,45
996,20210308,56.0,123
997,20210308,43.0,80
998,20210308,75.0,160
999,20210308,41.0,146
1000,20210308,34.0,172
1001,20210308,35.0,150
1002,20210308,36.0,95
1003,20210308,47.0,79
1004,20210308,40.0,160
1005,20210308,44.0,181
1006,20210308,53.0,89
1007,20210308,31.0,83
1008,20210308,0.0,98
1009,20210308,5.0,136
1010,20210308,3.0,88
1011,20210308,2.0,77
1012,20210308,1.0,163
1013,20210308,7.0,165
1014,20210308,6.0,139
1015,20210308,4.0,79
1016,20210308,8.0,121
1017,20210308,45.0,149
1018,20210308,57.0,117
1019,20210308,38.0,136
1020,20210308,29.0,135
1021,20210308,37.0,116
1022,20210308,39.0,66
1023,20210308,33.0,110
1024,20210308,49.0,107
1025,20210308,24.0,80
1026,20210308,20.0,60
1027,20210308,26.0,72
1028,20210308,12.0,80
1029,20210308,21.0,79
1030,20210308,10.0,85
1031,20210308,9.0,64
1032,20210308,19.0,67
1033,20210308,11.0,87
1034,20210308,27.0,61
1035,20210308,15.0,82
1036,20210308,13.0,87
1037,20210308,76.0,76
1038,20210308,54.0,46
1039,20210308,52.0,39
1040,20210315,74.0,59
1041,20210315,71.0,47
1042,20210315,72.0,52
1043,20210315,63.0,38
1044,20210315,64.0,42
1045,20210315,69.0,58
1046,20210315,73.0,43
1047,20210315,70.0,52
1048,20210315,56.0,136
1049,20210315,43.0,47
1050,20210315,75.0,104
1051,20210315,41.0,53
1052,20210315,34.0,152
1053,20210315,35.0,199
1054,20210315,36.0,160
1055,20210315,47.0,74
1056,20210315,40.0,176
1057,20210315,44.0,173
1058,20210315,53.0,76
1059,20210315,31.0,70
1060,20210315,0.0,80
1061,20210315,5.0,85
1062,20210315,3.0,88
1063,20210315,2.0,80
1064,20210315,1.0,127
1065,20210315,7.0,98
1066,20210315,6.0,122
1067,20210315,4.0,103
1068,20210315,8.0,131
1069,20210315,45.0,108
1070,20210315,57.0,67
1071,20210315,38.0,178
1072,20210315,29.0,90
1073,20210315,37.0,217
1074,20210315,39.0,92
1075,20210315,33.0,159
1076,20210315,49.0,156
1077,20210315,24.0,101
1078,20210315,20.0,100
1079,20210315,26.0,115
1080,20210315,12.0,94
1081,20210315,21.0,102
1082,20210315,10.0,129
1083,20210315,9.0,145
1084,20210315,19.0,111
1085,20210315,11.0,101
1086,20210315,27.0,81
1087,20210315,15.0,102
1088,20210315,13.0,115
1089,20210315,76.0,86
1090,20210315,54.0,53
1091,20210315,52.0,42
1092,20210322,74.0,31
1093,20210322,71.0,43
1094,20210322,72.0,28
1095,20210322,63.0,30
1096,20210322,64.0,35
1097,20210322,69.0,36
1098,20210322,73.0,38
1099,20210322,70.0,44
1100,20210322,56.0,64
1101,20210322,43.0,19
1102,20210322,75.0,31
1103,20210322,41.0,40
1104,20210322,34.0,29
1105,20210322,35.0,35
1106,20210322,36.0,35
1107,20210322,47.0,36
1108,20210322,40.0,78
1109,20210322,44.0,72
1110,20210322,53.0,47
1111,20210322,31.0,41
1112,20210322,0.0,4
1113,20210322,5.0,55
1114,20210322,3.0,45
1115,20210322,2.0,51
1116,20210322,1.0,49
1117,20210322,7.0,38
1118,20210322,6.0,50
1119,20210322,4.0,65
1120,20210322,8.0,79
1121,20210322,45.0,91
1122,20210322,57.0,70
1123,20210322,38.0,92
1124,20210322,29.0,81
1125,20210322,37.0,102
1126,20210322,39.0,60
1127,20210322,33.0,88
1128,20210322,49.0,74
1129,20210322,24.0,87
1130,20210322,20.0,67
1131,20210322,26.0,94
1132,20210322,12.0,86
1133,20210322,21.0,95
1134,20210322,10.0,89
1135,20210322,9.0,107
1136,20210322,19.0,123
1137,20210322,11.0,98
1138,20210322,27.0,142
1139,20210322,15.0,118
1140,20210322,13.0,87
1141,20210322,76.0,43
1142,20210322,54.0,23
1143,20210322,52.0,12
1144,20210401,74.0,31
1145,20210401,71.0,86
1146,20210401,72.0,104
1147,20210401,63.0,37
1148,20210401,64.0,48
1149,20210401,69.0,40
1150,20210401,73.0,35
1151,20210401,70.0,30
1152,20210401,56.0,93
1153,20210401,43.0,67
1154,20210401,75.0,203
1155,20210401,41.0,59
1156,20210401,34.0,344
1157,20210401,35.0,431
1158,20210401,36.0,252
1159,20210401,47.0,194
1160,20210401,40.0,208
1161,20210401,44.0,132
1162,20210401,53.0,88
1163,20210401,31.0,103
1164,20210401,0.0,109
1165,20210401,5.0,101
1166,20210401,3.0,102
1167,20210401,2.0,117
1168,20210401,1.0,154
1169,20210401,7.0,109
1170,20210401,6.0,198
1171,20210401,4.0,110
1172,20210401,8.0,115
1173,20210401,45.0,111
1174,20210401,57.0,95
1175,20210401,38.0,160
1176,20210401,29.0,107
1177,20210401,37.0,159
1178,20210401,39.0,162
1179,20210401,33.0,124
1180,20210401,49.0,126
1181,20210401,24.0,120
1182,20210401,20.0,118
1183,20210401,26.0,150
1184,20210401,12.0,159
1185,20210401,21.0,144
1186,20210401,10.0,120
1187,20210401,9.0,118
1188,20210401,19.0,116
1189,20210401,11.0,125
1190,20210401,27.0,55
1191,20210401,15.0,68
1192,20210401,13.0,73
1193,20210401,76.0,70
1194,20210401,54.0,52
1195,20210401,52.0,27
1196,20210408,74.0,54
1197,20210408,71.0,57
1198,20210408,72.0,51
1199,20210408,63.0,37
1200,20210408,64.0,49
1201,20210408,69.0,60
1202,20210408,73.0,60
1203,20210408,70.0,34
1204,20210408,56.0,44
1205,20210408,43.0,471
1206,20210408,75.0,513
1207,20210408,41.0,442
1208,20210408,34.0,522
1209,20210408,35.0,329
1210,20210408,36.0,157
1211,20210408,47.0,143
1212,20210408,40.0,217
1213,20210408,44.0,121
1214,20210408,53.0,98
1215,20210408,31.0,99
1216,20210408,0.0,48
1217,20210408,5.0,16
1218,20210408,3.0,40
1219,20210408,2.0,26
1220,20210408,1.0,103
1221,20210408,7.0,64
1222,20210408,6.0,160
1223,20210408,4.0,33
1224,20210408,8.0,55
1225,20210408,45.0,74
1226,20210408,57.0,28
1227,20210408,38.0,88
1228,20210408,29.0,42
1229,20210408,37.0,75
1230,20210408,39.0,45
1231,20210408,33.0,61
1232,20210408,49.0,74
1233,20210408,24.0,59
1234,20210408,20.0,51
1235,20210408,26.0,72
1236,20210408,12.0,79
1237,20210408,21.0,70
1238,20210408,10.0,95
1239,20210408,9.0,76
1240,20210408,19.0,85
1241,20210408,11.0,69
1242,20210408,27.0,94
1243,20210408,15.0,76
1244,20210408,13.0,106
1245,20210408,76.0,158
1246,20210408,54.0,111
1247,20210408,52.0,39
1248,20210415,74.0,54
1249,20210415,71.0,56
1250,20210415,72.0,111
1251,20210415,63.0,43
1252,20210415,64.0,40
1253,20210415,69.0,59
1254,20210415,73.0,57
1255,20210415,70.0,38
1256,20210415,56.0,38
1257,20210415,43.0,55
1258,20210415,75.0,117
1259,20210415,41.0,35
1260,20210415,34.0,177
1261,20210415,35.0,339
1262,20210415,36.0,339
1263,20210415,47.0,91
1264,20210415,40.0,183
1265,20210415,44.0,142
1266,20210415,53.0,68
1267,20210415,31.0,57
1268,20210415,0.0,57
1269,20210415,5.0,57
1270,20210415,3.0,60
1271,20210415,2.0,32
1272,20210415,1.0,93
1273,20210415,7.0,64
1274,20210415,6.0,123
1275,20210415,4.0,32
1276,20210415,8.0,39
1277,20210415,45.0,39
1278,20210415,57.0,23
1279,20210415,38.0,44
1280,20210415,29.0,34
1281,20210415,37.0,35
1282,20210415,39.0,34
1283,20210415,33.0,37
1284,20210415,49.0,39
1285,20210415,24.0,20
1286,20210415,20.0,36
1287,20210415,26.0,43
1288,20210415,12.0,53
1289,20210415,21.0,47
1290,20210415,10.0,52
1291,20210415,9.0,47
1292,20210415,19.0,51
1293,20210415,11.0,42
1294,20210415,27.0,64
1295,20210415,15.0,78
1296,20210415,13.0,81
1297,20210415,76.0,84
1298,20210415,54.0,55
1299,20210415,52.0,47
1300,20210422,74.0,32
1301,20210422,71.0,33
1302,20210422,72.0,32
1303,20210422,63.0,15
1304,20210422,64.0,25
1305,20210422,69.0,22
1306,20210422,73.0,25
1307,20210422,70.0,27
1308,20210422,56.0,55
1309,20210422,43.0,81
1310,20210422,75.0,54
1311,20210422,41.0,76
1312,20210422,34.0,55
1313,20210422,35.0,102
1314,20210422,36.0,143
1315,20210422,47.0,132
1316,20210422,40.0,162
1317,20210422,44.0,90
1318,20210422,53.0,71
1319,20210422,31.0,89
1320,20210422,0.0,76
1321,20210422,5.0,56
1322,20210422,3.0,57
1323,20210422,2.0,68
1324,20210422,1.0,134
1325,20210422,7.0,131
1326,20210422,6.0,200
1327,20210422,4.0,65
1328,20210422,8.0,82
1329,20210422,45.0,86
1330,20210422,57.0,80
1331,20210422,38.0,105
1332,20210422,29.0,59
1333,20210422,37.0,162
1334,20210422,39.0,109
1335,20210422,33.0,95
1336,20210422,49.0,88
1337,20210422,24.0,74
1338,20210422,20.0,103
1339,20210422,26.0,109
1340,20210422,12.0,81
1341,20210422,21.0,108
1342,20210422,10.0,120
1343,20210422,9.0,123
1344,20210422,19.0,127
1345,20210422,11.0,105
1346,20210422,27.0,17
1347,20210422,15.0,83
1348,20210422,13.0,92
1349,20210422,76.0,61
1350,20210422,54.0,18
1351,20210422,52.0,17
1352,20210501,74.0,39
1353,20210501,71.0,30
1354,20210501,72.0,54
1355,20210501,63.0,28
1356,20210501,64.0,58
1357,20210501,69.0,42
1358,20210501,73.0,31
1359,20210501,70.0,27
1360,20210501,56.0,60
1361,20210501,43.0,49
1362,20210501,75.0,33
1363,20210501,41.0,42
1364,20210501,34.0,23
1365,20210501,35.0,33
1366,20210501,36.0,68
1367,20210501,47.0,41
1368,20210501,40.0,85
1369,20210501,44.0,188
1370,20210501,53.0,45
1371,20210501,31.0,38
1372,20210501,0.0,32
1373,20210501,5.0,14
1374,20210501,3.0,47
1375,20210501,2.0,14
1376,20210501,1.0,27
1377,20210501,7.0,24
1378,20210501,6.0,84
1379,20210501,4.0,38
1380,20210501,8.0,47
1381,20210501,45.0,93
1382,20210501,57.0,49
1383,20210501,38.0,93
1384,20210501,29.0,77
1385,20210501,37.0,109
1386,20210501,39.0,29
1387,20210501,33.0,79
1388,20210501,49.0,77
1389,20210501,24.0,46
1390,20210501,20.0,55
1391,20210501,26.0,56
1392,20210501,12.0,38
1393,20210501,21.0,60
1394,20210501,10.0,78
1395,20210501,9.0,64
1396,20210501,19.0,55
1397,20210501,11.0,42
1398,20210501,27.0,40
1399,20210501,15.0,40
1400,20210501,13.0,34
1401,20210501,76.0,43
1402,20210501,54.0,66
1403,20210501,52.0,27
1404,20210508,74.0,30
1405,20210508,71.0,33
1406,20210508,72.0,38
1407,20210508,63.0,24
1408,20210508,64.0,54
1409,20210508,69.0,40
1410,20210508,73.0,37
1411,20210508,70.0,30
1412,20210508,56.0,115
1413,20210508,43.0,212
1414,20210508,75.0,398
1415,20210508,41.0,398
1416,20210508,34.0,442
1417,20210508,35.0,286
1418,20210508,36.0,161
1419,20210508,47.0,148
1420,20210508,40.0,120
1421,20210508,44.0,69
1422,20210508,53.0,128
1423,20210508,31.0,132
1424,20210508,0.0,58
1425,20210508,5.0,32
1426,20210508,3.0,42
1427,20210508,2.0,37
1428,20210508,1.0,93
1429,20210508,7.0,63
1430,20210508,6.0,116
1431,20210508,4.0,37
1432,20210508,8.0,54
1433,20210508,45.0,58
1434,20210508,57.0,34
1435,20210508,38.0,77
1436,20210508,29.0,48
1437,20210508,37.0,80
1438,20210508,39.0,40
1439,20210508,33.0,66
1440,20210508,49.0,64
1441,20210508,24.0,48
1442,20210508,20.0,49
1443,20210508,26.0,65
1444,20210508,12.0,60
1445,20210508,21.0,64
1446,20210508,10.0,76
1447,20210508,9.0,75
1448,20210508,19.0,84
1449,20210508,11.0,59
1450,20210508,27.0,77
1451,20210508,15.0,72
1452,20210508,13.0,84
1453,20210508,76.0,387
1454,20210508,54.0,86
1455,20210508,52.0,17
1456,20210515,74.0,46
1457,20210515,71.0,94
1458,20210515,72.0,93
1459,20210515,63.0,12
1460,20210515,64.0,39
1461,20210515,69.0,24
1462,20210515,73.0,45
1463,20210515,70.0,8
1464,20210515,56.0,21
1465,20210515,43.0,34
1466,20210515,75.0,97
1467,20210515,41.0,35
1468,20210515,34.0,150
1469,20210515,35.0,176
1470,20210515,36.0,135
1471,20210515,47.0,58
1472,20210515,40.0,91
1473,20210515,44.0,119
1474,20210515,53.0,60
1475,20210515,31.0,60
1476,20210515,0.0,52
1477,20210515,5.0,40
1478,20210515,3.0,53
1479,20210515,2.0,58
1480,20210515,1.0,88
1481,20210515,7.0,60
1482,20210515,6.0,105
1483,20210515,4.0,62
1484,20210515,8.0,113
1485,20210515,45.0,135
1486,20210515,57.0,38
1487,20210515,38.0,163
1488,20210515,29.0,82
1489,20210515,37.0,168
1490,20210515,39.0,64
1491,20210515,33.0,117
1492,20210515,49.0,77
1493,20210515,24.0,78
1494,20210515,20.0,101
1495,20210515,26.0,98
1496,20210515,12.0,21
1497,20210515,21.0,33
1498,20210515,10.0,81
1499,20210515,9.0,56
1500,20210515,19.0,49
1501,20210515,11.0,74
1502,20210515,27.0,42
1503,20210515,15.0,36
1504,20210515,13.0,71
1505,20210515,76.0,80
1506,20210515,54.0,26
1507,20210515,52.0,17
1508,20210522,74.0,88
1509,20210522,71.0,64
1510,20210522,72.0,70
1511,20210522,63.0,30
1512,20210522,64.0,38
1513,20210522,69.0,22
1514,20210522,73.0,24
1515,20210522,70.0,22
1516,20210522,56.0,31
1517,20210522,43.0,40
1518,20210522,75.0,87
1519,20210522,41.0,41
1520,20210522,34.0,141
1521,20210522,35.0,258
1522,20210522,36.0,258
1523,20210522,47.0,183
1524,20210522,40.0,79
1525,20210522,44.0,44
1526,20210522,53.0,79
1527,20210522,31.0,108
1528,20210522,0.0,45
1529,20210522,5.0,30
1530,20210522,3.0,42
1531,20210522,2.0,30
1532,20210522,1.0,55
1533,20210522,7.0,39
1534,20210522,6.0,53
1535,20210522,4.0,30
1536,20210522,8.0,28
1537,20210522,45.0,34
1538,20210522,57.0,26
1539,20210522,38.0,35
1540,20210522,29.0,32
1541,20210522,37.0,32
1542,20210522,39.0,42
1543,20210522,33.0,37
1544,20210522,49.0,39
1545,20210522,24.0,50
1546,20210522,20.0,49
1547,20210522,26.0,62
1548,20210522,12.0,80
1549,20210522,21.0,97
1550,20210522,10.0,76
1551,20210522,9.0,71
1552,20210522,19.0,69
1553,20210522,11.0,92
1554,20210522,27.0,38
1555,20210522,15.0,51
1556,20210522,13.0,59
1557,20210522,76.0,46
1558,20210522,54.0,23
1559,20210522,52.0,20
1560,20210601,74.0,23
1561,20210601,71.0,51
1562,20210601,72.0,72
1563,20210601,63.0,46
1564,20210601,64.0,48
1565,20210601,69.0,55
1566,20210601,73.0,36
1567,20210601,70.0,37
1568,20210601,56.0,44
1569,20210601,43.0,34
1570,20210601,75.0,43
1571,20210601,41.0,35
1572,20210601,34.0,48
1573,20210601,35.0,86
1574,20210601,36.0,296
1575,20210601,47.0,238
1576,20210601,40.0,176
1577,20210601,44.0,83
1578,20210601,53.0,73
1579,20210601,31.0,92
1580,20210601,0.0,40
1581,20210601,5.0,37
1582,20210601,3.0,39
1583,20210601,2.0,34
1584,20210601,1.0,79
1585,20210601,7.0,54
1586,20210601,6.0,42
1587,20210601,4.0,42
1588,20210601,8.0,43
1589,20210601,45.0,62
1590,20210601,57.0,31
1591,20210601,38.0,64
1592,20210601,29.0,38
1593,20210601,37.0,61
1594,20210601,39.0,68
1595,20210601,33.0,62
1596,20210601,49.0,60
1597,20210601,24.0,43
1598,20210601,20.0,33
1599,20210601,26.0,37
1600,20210601,12.0,73
1601,20210601,21.0,65
1602,20210601,10.0,86
1603,20210601,9.0,68
1604,20210601,19.0,76
1605,20210601,11.0,92
1606,20210601,27.0,68
1607,20210601,15.0,63
1608,20210601,13.0,59
1609,20210601,76.0,48
1610,20210601,54.0,42
1611,20210601,52.0,49
1612,20210608,74.0,42
1613,20210608,71.0,45
1614,20210608,72.0,68
1615,20210608,63.0,37
1616,20210608,64.0,40
1617,20210608,69.0,56
1618,20210608,73.0,36
1619,20210608,70.0,36
1620,20210608,56.0,37
1621,20210608,43.0,44
1622,20210608,75.0,33
1623,20210608,41.0,46
1624,20210608,34.0,18
1625,20210608,35.0,18
1626,20210608,36.0,38
1627,20210608,47.0,57
1628,20210608,40.0,51
1629,20210608,44.0,48
1630,20210608,53.0,47
1631,20210608,31.0,37
1632,20210608,0.0,15
1633,20210608,5.0,16
1634,20210608,3.0,17
1635,20210608,2.0,20
1636,20210608,1.0,21
1637,20210608,7.0,15
1638,20210608,6.0,26
1639,20210608,4.0,28
1640,20210608,8.0,33
1641,20210608,45.0,31
1642,20210608,57.0,32
1643,20210608,38.0,36
1644,20210608,29.0,37
1645,20210608,37.0,45
1646,20210608,39.0,36
1647,20210608,33.0,44
1648,20210608,49.0,44
1649,20210608,24.0,24
1650,20210608,20.0,28
1651,20210608,26.0,21
1652,20210608,12.0,19
1653,20210608,21.0,27
1654,20210608,10.0,52
1655,20210608,9.0,55
1656,20210608,19.0,51
1657,20210608,11.0,53
1658,20210608,27.0,33
1659,20210608,15.0,51
1660,20210608,13.0,74
1661,20210608,76.0,45
1662,20210608,54.0,43
1663,20210608,52.0,35
1664,20210615,74.0,80
1665,20210615,71.0,47
1666,20210615,72.0,69
1667,20210615,63.0,35
1668,20210615,64.0,40
1669,20210615,69.0,49
1670,20210615,73.0,45
1671,20210615,70.0,26
1672,20210615,56.0,27
1673,20210615,43.0,28
1674,20210615,75.0,22
1675,20210615,41.0,27
1676,20210615,34.0,18
1677,20210615,35.0,22
1678,20210615,36.0,67
1679,20210615,47.0,84
1680,20210615,40.0,59
1681,20210615,44.0,28
1682,20210615,53.0,50
1683,20210615,31.0,45
1684,20210615,0.0,36
1685,20210615,5.0,24
1686,20210615,3.0,55
1687,20210615,2.0,31
1688,20210615,1.0,37
1689,20210615,7.0,26
1690,20210615,6.0,30
1691,20210615,4.0,32
1692,20210615,8.0,40
1693,20210615,45.0,31
1694,20210615,57.0,31
1695,20210615,38.0,41
1696,20210615,29.0,41
1697,20210615,37.0,62
1698,20210615,39.0,32
1699,20210615,33.0,54
1700,20210615,49.0,35
1701,20210615,24.0,38
1702,20210615,20.0,37
1703,20210615,26.0,50
1704,20210615,12.0,92
1705,20210615,21.0,103
1706,20210615,10.0,101
1707,20210615,9.0,103
1708,20210615,19.0,94
1709,20210615,11.0,83
1710,20210615,27.0,44
1711,20210615,15.0,43
1712,20210615,13.0,41
1713,20210615,76.0,34
1714,20210615,54.0,26
1715,20210615,52.0,23
1716,20210622,74.0,47
1717,20210622,71.0,46
1718,20210622,72.0,49
1719,20210622,63.0,23
1720,20210622,64.0,24
1721,20210622,69.0,28
1722,20210622,73.0,23
1723,20210622,70.0,20
1724,20210622,56.0,40
1725,20210622,43.0,42
1726,20210622,75.0,36
1727,20210622,41.0,38
1728,20210622,34.0,25
1729,20210622,35.0,30
1730,20210622,36.0,40
1731,20210622,47.0,42
1732,20210622,40.0,45
1733,20210622,44.0,42
1734,20210622,53.0,94
1735,20210622,31.0,53
1736,20210622,0.0,37
1737,20210622,5.0,34
1738,20210622,3.0,39
1739,20210622,2.0,44
1740,20210622,1.0,51
1741,20210622,7.0,39
1742,20210622,6.0,35
1743,20210622,4.0,34
1744,20210622,8.0,35
1745,20210622,45.0,38
1746,20210622,57.0,31
1747,20210622,38.0,43
1748,20210622,29.0,44
1749,20210622,37.0,40
1750,20210622,39.0,36
1751,20210622,33.0,50
1752,20210622,49.0,50
1753,20210622,24.0,48
1754,20210622,20.0,45
1755,20210622,26.0,47
1756,20210622,12.0,50
1757,20210622,21.0,44
1758,20210622,10.0,42
1759,20210622,9.0,52
1760,20210622,19.0,87
1761,20210622,11.0,55
1762,20210622,27.0,37
1763,20210622,15.0,67
1764,20210622,13.0,59
1765,20210622,76.0,41
1766,20210622,54.0,41
1767,20210622,52.0,29
1768,20210701,74.0,29
1769,20210701,71.0,72
1770,20210701,72.0,84
1771,20210701,63.0,34
1772,20210701,64.0,41
1773,20210701,69.0,51
1774,20210701,73.0,36
1775,20210701,70.0,32
1776,20210701,56.0,35
1777,20210701,43.0,38
1778,20210701,75.0,36
1779,20210701,41.0,32
1780,20210701,34.0,33
1781,20210701,35.0,72
1782,20210701,36.0,109
1783,20210701,47.0,109
1784,20210701,40.0,67
1785,20210701,44.0,60
1786,20210701,53.0,48
1787,20210701,31.0,56
1788,20210701,0.0,40
1789,20210701,5.0,27
1790,20210701,3.0,37
1791,20210701,2.0,24
1792,20210701,1.0,41
1793,20210701,7.0,37
1794,20210701,6.0,35
1795,20210701,4.0,25
1796,20210701,8.0,26
1797,20210701,45.0,29
1798,20210701,57.0,24
1799,20210701,38.0,37
1800,20210701,29.0,35
1801,20210701,37.0,44
1802,20210701,39.0,50
1803,20210701,33.0,47
1804,20210701,49.0,44
1805,20210701,24.0,32
1806,20210701,20.0,31
1807,20210701,26.0,39
1808,20210701,12.0,52
1809,20210701,21.0,59
1810,20210701,10.0,87
1811,20210701,9.0,73
1812,20210701,19.0,50
1813,20210701,11.0,49
1814,20210701,27.0,24
1815,20210701,15.0,44
1816,20210701,13.0,55
1817,20210701,76.0,27
1818,20210701,54.0,33
1819,20210701,52.0,28
1820,20210708,74.0,58
1821,20210708,71.0,74
1822,20210708,72.0,49
1823,20210708,63.0,26
1824,20210708,64.0,43
1825,20210708,69.0,38
1826,20210708,73.0,28
1827,20210708,70.0,22
1828,20210708,56.0,30
1829,20210708,43.0,37
1830,20210708,75.0,17
1831,20210708,41.0,19
1832,20210708,34.0,5
1833,20210708,35.0,4
1834,20210708,36.0,11
1835,20210708,47.0,6
1836,20210708,40.0,13
1837,20210708,44.0,30
1838,20210708,53.0,1
1839,20210708,31.0,4
1840,20210708,0.0,25
1841,20210708,5.0,25
1842,20210708,3.0,29
1843,20210708,2.0,21
1844,20210708,1.0,33
1845,20210708,7.0,40
1846,20210708,6.0,17
1847,20210708,4.0,26
1848,20210708,8.0,33
1849,20210708,45.0,36
1850,20210708,57.0,26
1851,20210708,38.0,32
1852,20210708,29.0,29
1853,20210708,37.0,41
1854,20210708,39.0,19
1855,20210708,33.0,35
1856,20210708,49.0,39
1857,20210708,24.0,29
1858,20210708,20.0,30
1859,20210708,26.0,36
1860,20210708,12.0,32
1861,20210708,21.0,37
1862,20210708,10.0,38
1863,20210708,9.0,55
1864,20210708,19.0,59
1865,20210708,11.0,6
1866,20210708,27.0,13
1867,20210708,15.0,47
1868,20210708,13.0,34
1869,20210708,76.0,21
1870,20210708,54.0,35
1871,20210708,52.0,22
1872,20210715,74.0,50
1873,20210715,71.0,104
1874,20210715,72.0,78
1875,20210715,63.0,45
1876,20210715,64.0,75
1877,20210715,69.0,73
1878,20210715,73.0,73
1879,20210715,70.0,38
1880,20210715,56.0,30
1881,20210715,43.0,24
1882,20210715,75.0,6
1883,20210715,41.0,19
1884,20210715,34.0,5
1885,20210715,35.0,1
1886,20210715,36.0,6
1887,20210715,47.0,22
1888,20210715,40.0,3
1889,20210715,44.0,8
1890,20210715,53.0,18
1891,20210715,31.0,24
1892,20210715,0.0,33
1893,20210715,5.0,24
1894,20210715,3.0,26
1895,20210715,2.0,23
1896,20210715,1.0,25
1897,20210715,7.0,26
1898,20210715,6.0,31
1899,20210715,4.0,31
1900,20210715,8.0,37
1901,20210715,45.0,44
1902,20210715,57.0,34
1903,20210715,38.0,50
1904,20210715,29.0,39
1905,20210715,37.0,51
1906,20210715,39.0,44
1907,20210715,33.0,29
1908,20210715,49.0,47
1909,20210715,24.0,55
1910,20210715,20.0,49
1911,20210715,26.0,43
1912,20210715,12.0,25
1913,20210715,21.0,36
1914,20210715,10.0,69
1915,20210715,9.0,51
1916,20210715,19.0,50
1917,20210715,11.0,53
1918,20210715,27.0,22
1919,20210715,15.0,45
1920,20210715,13.0,37
1921,20210715,76.0,56
1922,20210715,54.0,44
1923,20210715,52.0,32
1924,20210722,74.0,40
1925,20210722,71.0,68
1926,20210722,72.0,41
1927,20210722,63.0,30
1928,20210722,64.0,43
1929,20210722,69.0,66
1930,20210722,73.0,46
1931,20210722,70.0,22
1932,20210722,56.0,28
1933,20210722,43.0,27
1934,20210722,75.0,17
1935,20210722,41.0,26
1936,20210722,34.0,6
1937,20210722,35.0,3
1938,20210722,36.0,4
1939,20210722,47.0,7
1940,20210722,40.0,14
1941,20210722,44.0,28
1942,20210722,53.0,26
1943,20210722,31.0,21
1944,20210722,0.0,26
1945,20210722,5.0,24
1946,20210722,3.0,28
1947,20210722,2.0,22
1948,20210722,1.0,22
1949,20210722,7.0,17
1950,20210722,6.0,20
1951,20210722,4.0,28
1952,20210722,8.0,39
1953,20210722,45.0,53
1954,20210722,57.0,40
1955,20210722,38.0,43
1956,20210722,29.0,46
1957,20210722,37.0,38
1958,20210722,39.0,35
1959,20210722,33.0,39
1960,20210722,49.0,36
1961,20210722,24.0,31
1962,20210722,20.0,43
1963,20210722,26.0,36
1964,20210722,12.0,27
1965,20210722,21.0,38
1966,20210722,10.0,49
1967,20210722,9.0,42
1968,20210722,19.0,36
1969,20210722,11.0,37
1970,20210722,27.0,27
1971,20210722,15.0,29
1972,20210722,13.0,29
1973,20210722,76.0,30
1974,20210722,54.0,32
1975,20210722,52.0,21
1976,20210801,74.0,51
1977,20210801,71.0,45
1978,20210801,72.0,44
1979,20210801,63.0,19
1980,20210801,64.0,33
1981,20210801,69.0,38
1982,20210801,73.0,28
1983,20210801,70.0,26
1984,20210801,56.0,25
1985,20210801,43.0,34
1986,20210801,75.0,43
1987,20210801,41.0,39
1988,20210801,34.0,49
1989,20210801,35.0,62
1990,20210801,36.0,49
1991,20210801,47.0,45
1992,20210801,40.0,43
1993,20210801,44.0,38
1994,20210801,53.0,96
1995,20210801,31.0,83
1996,20210801,0.0,30
1997,20210801,5.0,29
1998,20210801,3.0,30
1999,20210801,2.0,36
2000,20210801,1.0,37
2001,20210801,7.0,40
2002,20210801,6.0,37
2003,20210801,4.0,32
2004,20210801,8.0,41
2005,20210801,45.0,37
2006,20210801,57.0,41
2007,20210801,38.0,40
2008,20210801,29.0,33
2009,20210801,37.0,42
2010,20210801,39.0,35
2011,20210801,33.0,42
2012,20210801,49.0,39
2013,20210801,24.0,34
2014,20210801,20.0,41
2015,20210801,26.0,40
2016,20210801,12.0,36
2017,20210801,21.0,42
2018,20210801,10.0,39
2019,20210801,9.0,42
2020,20210801,19.0,51
2021,20210801,11.0,45
2022,20210801,27.0,62
2023,20210801,15.0,68
2024,20210801,13.0,69
2025,20210801,76.0,32
2026,20210801,54.0,25
2027,20210801,52.0,22
2028,20210808,74.0,74
2029,20210808,71.0,49
2030,20210808,72.0,76
2031,20210808,63.0,27
2032,20210808,64.0,41
2033,20210808,69.0,46
2034,20210808,73.0,34
2035,20210808,70.0,34
2036,20210808,56.0,26
2037,20210808,43.0,32
2038,20210808,75.0,19
2039,20210808,41.0,31
2040,20210808,34.0,6
2041,20210808,35.0,22
2042,20210808,36.0,36
2043,20210808,47.0,44
2044,20210808,40.0,32
2045,20210808,44.0,32
2046,20210808,53.0,46
2047,20210808,31.0,53
2048,20210808,0.0,48
2049,20210808,5.0,37
2050,20210808,3.0,46
2051,20210808,2.0,53
2052,20210808,1.0,65
2053,20210808,7.0,49
2054,20210808,6.0,72
2055,20210808,4.0,47
2056,20210808,8.0,40
2057,20210808,45.0,37
2058,20210808,57.0,31
2059,20210808,38.0,49
2060,20210808,29.0,36
2061,20210808,37.0,39
2062,20210808,39.0,33
2063,20210808,33.0,45
2064,20210808,49.0,39
2065,20210808,24.0,50
2066,20210808,20.0,43
2067,20210808,26.0,53
2068,20210808,12.0,31
2069,20210808,21.0,39
2070,20210808,10.0,64
2071,20210808,9.0,81
2072,20210808,19.0,62
2073,20210808,11.0,44
2074,20210808,27.0,28
2075,20210808,15.0,55
2076,20210808,13.0,58
2077,20210808,76.0,42
2078,20210808,54.0,30
2079,20210808,52.0,21
2080,20210815,74.0,26
2081,20210815,71.0,54
2082,20210815,72.0,48
2083,20210815,63.0,29
2084,20210815,64.0,36
2085,20210815,69.0,48
2086,20210815,73.0,31
2087,20210815,70.0,25
2088,20210815,56.0,29
2089,20210815,43.0,30
2090,20210815,75.0,20
2091,20210815,41.0,27
2092,20210815,34.0,7
2093,20210815,35.0,5
2094,20210815,36.0,2
2095,20210815,47.0,18
2096,20210815,40.0,0
2097,20210815,44.0,12
2098,20210815,53.0,28
2099,20210815,31.0,23
2100,20210815,0.0,29
2101,20210815,5.0,8
2102,20210815,3.0,32
2103,20210815,2.0,21
2104,20210815,1.0,27
2105,20210815,7.0,20
2106,20210815,6.0,25
2107,20210815,4.0,26
2108,20210815,8.0,35
2109,20210815,45.0,33
2110,20210815,57.0,26
2111,20210815,38.0,28
2112,20210815,29.0,27
2113,20210815,37.0,42
2114,20210815,39.0,15
2115,20210815,33.0,35
2116,20210815,49.0,32
2117,20210815,24.0,17
2118,20210815,20.0,43
2119,20210815,26.0,29
2120,20210815,12.0,27
2121,20210815,21.0,31
2122,20210815,10.0,42
2123,20210815,9.0,33
2124,20210815,19.0,30
2125,20210815,11.0,41
2126,20210815,27.0,23
2127,20210815,15.0,29
2128,20210815,13.0,34
2129,20210815,76.0,27
2130,20210815,54.0,28
2131,20210815,52.0,34
2132,20210822,74.0,45
2133,20210822,71.0,31
2134,20210822,72.0,63
2135,20210822,63.0,20
2136,20210822,64.0,60
2137,20210822,69.0,44
2138,20210822,73.0,41
2139,20210822,70.0,30
2140,20210822,56.0,25
2141,20210822,43.0,162
2142,20210822,75.0,291
2143,20210822,41.0,186
2144,20210822,34.0,387
2145,20210822,35.0,403
2146,20210822,36.0,194
2147,20210822,47.0,102
2148,20210822,40.0,160
2149,20210822,44.0,74
2150,20210822,53.0,74
2151,20210822,31.0,67
2152,20210822,0.0,39
2153,20210822,5.0,26
2154,20210822,3.0,33
2155,20210822,2.0,30
2156,20210822,1.0,53
2157,20210822,7.0,38
2158,20210822,6.0,55
2159,20210822,4.0,38
2160,20210822,8.0,49
2161,20210822,45.0,36
2162,20210822,57.0,24
2163,20210822,38.0,56
2164,20210822,29.0,36
2165,20210822,37.0,63
2166,20210822,39.0,50
2167,20210822,33.0,49
2168,20210822,49.0,54
2169,20210822,24.0,60
2170,20210822,20.0,70
2171,20210822,26.0,68
2172,20210822,12.0,53
2173,20210822,21.0,80
2174,20210822,10.0,88
2175,20210822,9.0,96
2176,20210822,19.0,96
2177,20210822,11.0,75
2178,20210822,27.0,39
2179,20210822,15.0,66
2180,20210822,13.0,50
2181,20210822,76.0,59
2182,20210822,54.0,35
2183,20210822,52.0,28
2184,20210901,74.0,33
2185,20210901,71.0,30
2186,20210901,72.0,36
2187,20210901,63.0,15
2188,20210901,64.0,33
2189,20210901,69.0,38
2190,20210901,73.0,29
2191,20210901,70.0,24
2192,20210901,56.0,20
2193,20210901,43.0,56
2194,20210901,75.0,26
2195,20210901,41.0,50
2196,20210901,34.0,23
2197,20210901,35.0,49
2198,20210901,36.0,20
2199,20210901,47.0,12
2200,20210901,40.0,25
2201,20210901,44.0,56
2202,20210901,53.0,49
2203,20210901,31.0,114
2204,20210901,0.0,19
2205,20210901,5.0,12
2206,20210901,3.0,22
2207,20210901,2.0,21
2208,20210901,1.0,41
2209,20210901,7.0,37
2210,20210901,6.0,23
2211,20210901,4.0,18
2212,20210901,8.0,27
2213,20210901,45.0,54
2214,20210901,57.0,20
2215,20210901,38.0,45
2216,20210901,29.0,29
2217,20210901,37.0,29
2218,20210901,39.0,20
2219,20210901,33.0,45
2220,20210901,49.0,36
2221,20210901,24.0,27
2222,20210901,20.0,29
2223,20210901,26.0,26
2224,20210901,12.0,32
2225,20210901,21.0,32
2226,20210901,10.0,38
2227,20210901,9.0,32
2228,20210901,19.0,34
2229,20210901,11.0,37
2230,20210901,27.0,38
2231,20210901,15.0,34
2232,20210901,13.0,33
2233,20210901,76.0,38
2234,20210901,54.0,25
2235,20210901,52.0,24
2236,20210908,74.0,41
2237,20210908,71.0,37
2238,20210908,72.0,39
2239,20210908,63.0,31
2240,20210908,64.0,36
2241,20210908,69.0,44
2242,20210908,73.0,33
2243,20210908,70.0,27
2244,20210908,56.0,28
2245,20210908,43.0,9
2246,20210908,75.0,1
2247,20210908,41.0,2
2248,20210908,34.0,0
2249,20210908,35.0,16
2250,20210908,36.0,37
2251,20210908,47.0,19
2252,20210908,40.0,24
2253,20210908,44.0,36
2254,20210908,53.0,35
2255,20210908,31.0,20
2256,20210908,0.0,34
2257,20210908,5.0,11
2258,20210908,3.0,30
2259,20210908,2.0,23
2260,20210908,1.0,48
2261,20210908,7.0,44
2262,20210908,6.0,8
2263,20210908,4.0,12
2264,20210908,8.0,20
2265,20210908,45.0,39
2266,20210908,57.0,19
2267,20210908,38.0,24
2268,20210908,29.0,27
2269,20210908,37.0,41
2270,20210908,39.0,17
2271,20210908,33.0,32
2272,20210908,49.0,28
2273,20210908,24.0,45
2274,20210908,20.0,47
2275,20210908,26.0,45
2276,20210908,12.0,17
2277,20210908,21.0,30
2278,20210908,10.0,45
2279,20210908,9.0,34
2280,20210908,19.0,43
2281,20210908,11.0,51
2282,20210908,27.0,14
2283,20210908,15.0,39
2284,20210908,13.0,34
2285,20210908,76.0,0
2286,20210908,54.0,5
2287,20210908,52.0,39
2288,20210915,74.0,31
2289,20210915,71.0,39
2290,20210915,72.0,40
2291,20210915,63.0,31
2292,20210915,64.0,41
2293,20210915,69.0,48
2294,20210915,73.0,30
2295,20210915,70.0,23
2296,20210915,56.0,23
2297,20210915,43.0,21
2298,20210915,75.0,12
2299,20210915,41.0,28
2300,20210915,34.0,3
2301,20210915,35.0,0
2302,20210915,36.0,0
2303,20210915,47.0,11
2304,20210915,40.0,2
2305,20210915,44.0,2
2306,20210915,53.0,24
2307,20210915,31.0,17
2308,20210915,0.0,18
2309,20210915,5.0,15
2310,20210915,3.0,14
2311,20210915,2.0,18
2312,20210915,1.0,15
2313,20210915,7.0,17
2314,20210915,6.0,20
2315,20210915,4.0,23
2316,20210915,8.0,17
2317,20210915,45.0,35
2318,20210915,57.0,22
2319,20210915,38.0,20
2320,20210915,29.0,25
2321,20210915,37.0,30
2322,20210915,39.0,23
2323,20210915,33.0,33
2324,20210915,49.0,38
2325,20210915,24.0,16
2326,20210915,20.0,16
2327,20210915,26.0,23
2328,20210915,12.0,20
2329,20210915,21.0,35
2330,20210915,10.0,29
2331,20210915,9.0,26
2332,20210915,19.0,26
2333,20210915,11.0,45
2334,20210915,27.0,30
2335,20210915,15.0,29
2336,20210915,13.0,33
2337,20210915,76.0,33
2338,20210915,54.0,30
2339,20210915,52.0,15
2340,20210922,74.0,42
2341,20210922,71.0,29
2342,20210922,72.0,26
2343,20210922,63.0,17
2344,20210922,64.0,31
2345,20210922,69.0,20
2346,20210922,73.0,28
2347,20210922,70.0,26
2348,20210922,56.0,21
2349,20210922,43.0,21
2350,20210922,75.0,11
2351,20210922,41.0,23
2352,20210922,34.0,6
2353,20210922,35.0,9
2354,20210922,36.0,37
2355,20210922,47.0,36
2356,20210922,40.0,23
2357,20210922,44.0,46
2358,20210922,53.0,29
2359,20210922,31.0,35
2360,20210922,0.0,26
2361,20210922,5.0,18
2362,20210922,3.0,22
2363,20210922,2.0,30
2364,20210922,1.0,37
2365,20210922,7.0,31
2366,20210922,6.0,44
2367,20210922,4.0,33
2368,20210922,8.0,23
2369,20210922,45.0,48
2370,20210922,57.0,32
2371,20210922,38.0,44
2372,20210922,29.0,34
2373,20210922,37.0,52
2374,20210922,39.0,37
2375,20210922,33.0,57
2376,20210922,49.0,20
2377,20210922,24.0,29
2378,20210922,20.0,37
2379,20210922,26.0,18
2380,20210922,12.0,21
2381,20210922,21.0,25
2382,20210922,10.0,62
2383,20210922,9.0,41
2384,20210922,19.0,41
2385,20210922,11.0,41
2386,20210922,27.0,24
2387,20210922,15.0,25
2388,20210922,13.0,35
2389,20210922,76.0,22
2390,20210922,54.0,20
2391,20210922,52.0,21
2392,20211001,74.0,28
2393,20211001,71.0,55
2394,20211001,72.0,64
2395,20211001,63.0,26
2396,20211001,64.0,43
2397,20211001,69.0,48
2398,20211001,73.0,33
2399,20211001,70.0,43
2400,20211001,56.0,69
2401,20211001,43.0,54
2402,20211001,75.0,54
2403,20211001,41.0,57
2404,20211001,34.0,41
2405,20211001,35.0,73
2406,20211001,36.0,219
2407,20211001,47.0,104
2408,20211001,40.0,166
2409,20211001,44.0,115
2410,20211001,53.0,98
2411,20211001,31.0,93
2412,20211001,0.0,58
2413,20211001,5.0,20
2414,20211001,3.0,55
2415,20211001,2.0,48
2416,20211001,1.0,60
2417,20211001,7.0,32
2418,20211001,6.0,55
2419,20211001,4.0,48
2420,20211001,8.0,59
2421,20211001,45.0,67
2422,20211001,57.0,43
2423,20211001,38.0,92
2424,20211001,29.0,58
2425,20211001,37.0,111
2426,20211001,39.0,42
2427,20211001,33.0,116
2428,20211001,49.0,138
2429,20211001,24.0,72
2430,20211001,20.0,52
2431,20211001,26.0,83
2432,20211001,12.0,55
2433,20211001,21.0,76
2434,20211001,10.0,98
2435,20211001,9.0,82
2436,20211001,19.0,69
2437,20211001,11.0,76
2438,20211001,27.0,44
2439,20211001,15.0,53
2440,20211001,13.0,128
2441,20211001,76.0,57
2442,20211001,54.0,64
2443,20211001,52.0,39
2444,20211008,74.0,35
2445,20211008,71.0,32
2446,20211008,72.0,35
2447,20211008,63.0,26
2448,20211008,64.0,20
2449,20211008,69.0,34
2450,20211008,73.0,25
2451,20211008,70.0,27
2452,20211008,56.0,38
2453,20211008,43.0,185
2454,20211008,75.0,325
2455,20211008,41.0,276
2456,20211008,34.0,490
2457,20211008,35.0,276
2458,20211008,36.0,118
2459,20211008,47.0,78
2460,20211008,40.0,61
2461,20211008,44.0,92
2462,20211008,53.0,110
2463,20211008,31.0,74
2464,20211008,0.0,59
2465,20211008,5.0,42
2466,20211008,3.0,44
2467,20211008,2.0,58
2468,20211008,1.0,38
2469,20211008,7.0,33
2470,20211008,6.0,17
2471,20211008,4.0,37
2472,20211008,8.0,27
2473,20211008,45.0,46
2474,20211008,57.0,44
2475,20211008,38.0,52
2476,20211008,29.0,35
2477,20211008,37.0,57
2478,20211008,39.0,39
2479,20211008,33.0,51
2480,20211008,49.0,61
2481,20211008,24.0,73
2482,20211008,20.0,59
2483,20211008,26.0,74
2484,20211008,12.0,68
2485,20211008,21.0,101
2486,20211008,10.0,30
2487,20211008,9.0,47
2488,20211008,19.0,37
2489,20211008,11.0,52
2490,20211008,27.0,46
2491,20211008,15.0,55
2492,20211008,13.0,57
2493,20211008,76.0,187
2494,20211008,54.0,20
2495,20211008,52.0,29
2496,20211015,74.0,52
2497,20211015,71.0,43
2498,20211015,72.0,67
2499,20211015,63.0,41
2500,20211015,64.0,46
2501,20211015,69.0,50
2502,20211015,73.0,40
2503,20211015,70.0,36
2504,20211015,56.0,45
2505,20211015,43.0,6
2506,20211015,75.0,12
2507,20211015,41.0,10
2508,20211015,34.0,37
2509,20211015,35.0,131
2510,20211015,36.0,76
2511,20211015,47.0,35
2512,20211015,40.0,4
2513,20211015,44.0,0
2514,20211015,53.0,39
2515,20211015,31.0,45
2516,20211015,0.0,37
2517,20211015,5.0,48
2518,20211015,3.0,26
2519,20211015,2.0,17
2520,20211015,1.0,37
2521,20211015,7.0,32
2522,20211015,6.0,28
2523,20211015,4.0,30
2524,20211015,8.0,29
2525,20211015,45.0,48
2526,20211015,57.0,22
2527,20211015,38.0,31
2528,20211015,29.0,31
2529,20211015,37.0,39
2530,20211015,39.0,19
2531,20211015,33.0,10
2532,20211015,49.0,28
2533,20211015,24.0,31
2534,20211015,20.0,27
2535,20211015,26.0,22
2536,20211015,12.0,30
2537,20211015,21.0,41
2538,20211015,10.0,32
2539,20211015,9.0,22
2540,20211015,19.0,41
2541,20211015,11.0,39
2542,20211015,27.0,23
2543,20211015,15.0,40
2544,20211015,13.0,54
2545,20211015,76.0,29
2546,20211015,54.0,23
2547,20211015,52.0,28
2548,20211022,74.0,61
2549,20211022,71.0,31
2550,20211022,72.0,61
2551,20211022,63.0,27
2552,20211022,64.0,34
2553,20211022,69.0,52
2554,20211022,73.0,29
2555,20211022,70.0,24
2556,20211022,56.0,38
2557,20211022,43.0,43
2558,20211022,75.0,13
2559,20211022,41.0,33
2560,20211022,34.0,18
2561,20211022,35.0,50
2562,20211022,36.0,45
2563,20211022,47.0,46
2564,20211022,40.0,44
2565,20211022,44.0,48
2566,20211022,53.0,28
2567,20211022,31.0,33
2568,20211022,0.0,26
2569,20211022,5.0,16
2570,20211022,3.0,30
2571,20211022,2.0,42
2572,20211022,1.0,29
2573,20211022,7.0,31
2574,20211022,6.0,36
2575,20211022,4.0,35
2576,20211022,8.0,66
2577,20211022,45.0,80
2578,20211022,57.0,55
2579,20211022,38.0,58
2580,20211022,29.0,68
2581,20211022,37.0,58
2582,20211022,39.0,40
2583,20211022,33.0,62
2584,20211022,49.0,59
2585,20211022,24.0,75
2586,20211022,20.0,46
2587,20211022,26.0,78
2588,20211022,12.0,67
2589,20211022,21.0,77
2590,20211022,10.0,46
2591,20211022,9.0,78
2592,20211022,19.0,91
2593,20211022,11.0,54
2594,20211022,27.0,30
2595,20211022,15.0,37
2596,20211022,13.0,41
2597,20211022,76.0,27
2598,20211022,54.0,32
2599,20211022,52.0,15
2600,20211101,74.0,49
2601,20211101,71.0,34
2602,20211101,72.0,59
2603,20211101,63.0,38
2604,20211101,64.0,37
2605,20211101,69.0,50
2606,20211101,73.0,33
2607,20211101,70.0,39
2608,20211101,56.0,94
2609,20211101,43.0,163
2610,20211101,75.0,97
2611,20211101,41.0,87
2612,20211101,34.0,84
2613,20211101,35.0,77
2614,20211101,36.0,111
2615,20211101,47.0,52
2616,20211101,40.0,74
2617,20211101,44.0,69
2618,20211101,53.0,45
2619,20211101,31.0,46
2620,20211101,0.0,35
2621,20211101,5.0,25
2622,20211101,3.0,39
2623,20211101,2.0,46
2624,20211101,1.0,63
2625,20211101,7.0,61
2626,20211101,6.0,34
2627,20211101,4.0,33
2628,20211101,8.0,49
2629,20211101,45.0,59
2630,20211101,57.0,50
2631,20211101,38.0,94
2632,20211101,29.0,49
2633,20211101,37.0,83
2634,20211101,39.0,36
2635,20211101,33.0,61
2636,20211101,49.0,65
2637,20211101,24.0,76
2638,20211101,20.0,75
2639,20211101,26.0,77
2640,20211101,12.0,80
2641,20211101,21.0,75
2642,20211101,10.0,74
2643,20211101,9.0,72
2644,20211101,19.0,63
2645,20211101,11.0,75
2646,20211101,27.0,53
2647,20211101,15.0,57
2648,20211101,13.0,56
2649,20211101,76.0,47
2650,20211101,54.0,61
2651,20211101,52.0,33
2652,20211108,74.0,40
2653,20211108,71.0,33
2654,20211108,72.0,44
2655,20211108,63.0,28
2656,20211108,64.0,58
2657,20211108,69.0,46
2658,20211108,73.0,52
2659,20211108,70.0,51
2660,20211108,56.0,93
2661,20211108,43.0,141
2662,20211108,75.0,88
2663,20211108,41.0,85
2664,20211108,34.0,82
2665,20211108,35.0,75
2666,20211108,36.0,83
2667,20211108,47.0,55
2668,20211108,40.0,65
2669,20211108,44.0,68
2670,20211108,53.0,51
2671,20211108,31.0,50
2672,20211108,0.0,20
2673,20211108,5.0,32
2674,20211108,3.0,40
2675,20211108,2.0,44
2676,20211108,1.0,58
2677,20211108,7.0,60
2678,20211108,6.0,63
2679,20211108,4.0,62
2680,20211108,8.0,53
2681,20211108,45.0,93
2682,20211108,57.0,61
2683,20211108,38.0,73
2684,20211108,29.0,71
2685,20211108,37.0,104
2686,20211108,39.0,81
2687,20211108,33.0,69
2688,20211108,49.0,66
2689,20211108,24.0,88
2690,20211108,20.0,98
2691,20211108,26.0,102
2692,20211108,12.0,82
2693,20211108,21.0,97
2694,20211108,10.0,110
2695,20211108,9.0,109
2696,20211108,19.0,112
2697,20211108,11.0,97
2698,20211108,27.0,74
2699,20211108,15.0,114
2700,20211108,13.0,78
2701,20211108,76.0,54
2702,20211108,54.0,37
2703,20211108,52.0,30
2704,20211115,74.0,36
2705,20211115,71.0,35
2706,20211115,72.0,67
2707,20211115,63.0,31
2708,20211115,64.0,57
2709,20211115,69.0,58
2710,20211115,73.0,24
2711,20211115,70.0,22
2712,20211115,56.0,156
2713,20211115,43.0,146
2714,20211115,75.0,87
2715,20211115,41.0,95
2716,20211115,34.0,81
2717,20211115,35.0,91
2718,20211115,36.0,130
2719,20211115,47.0,70
2720,20211115,40.0,108
2721,20211115,44.0,111
2722,20211115,53.0,79
2723,20211115,31.0,80
2724,20211115,0.0,68
2725,20211115,5.0,55
2726,20211115,3.0,68
2727,20211115,2.0,71
2728,20211115,1.0,98
2729,20211115,7.0,109
2730,20211115,6.0,85
2731,20211115,4.0,67
2732,20211115,8.0,86
2733,20211115,45.0,101
2734,20211115,57.0,79
2735,20211115,38.0,120
2736,20211115,29.0,86
2737,20211115,37.0,106
2738,20211115,39.0,84
2739,20211115,33.0,102
2740,20211115,49.0,107
2741,20211115,24.0,96
2742,20211115,20.0,94
2743,20211115,26.0,102
2744,20211115,12.0,99
2745,20211115,21.0,99
2746,20211115,10.0,106
2747,20211115,9.0,102
2748,20211115,19.0,110
2749,20211115,11.0,112
2750,20211115,27.0,107
2751,20211115,15.0,112
2752,20211115,13.0,99
2753,20211115,76.0,71
2754,20211115,54.0,75
2755,20211115,52.0,31
2756,20211122,74.0,43
2757,20211122,71.0,49
2758,20211122,72.0,47
2759,20211122,63.0,46
2760,20211122,64.0,42
2761,20211122,69.0,52
2762,20211122,73.0,45
2763,20211122,70.0,41
2764,20211122,56.0,125
2765,20211122,43.0,370
2766,20211122,75.0,107
2767,20211122,41.0,115
2768,20211122,34.0,95
2769,20211122,35.0,95
2770,20211122,36.0,66
2771,20211122,47.0,57
2772,20211122,40.0,70
2773,20211122,44.0,60
2774,20211122,53.0,56
2775,20211122,31.0,51
2776,20211122,0.0,62
2777,20211122,5.0,27
2778,20211122,3.0,59
2779,20211122,2.0,63
2780,20211122,1.0,116
2781,20211122,7.0,106
2782,20211122,6.0,94
2783,20211122,4.0,66
2784,20211122,8.0,75
2785,20211122,45.0,99
2786,20211122,57.0,86
2787,20211122,38.0,85
2788,20211122,29.0,106
2789,20211122,37.0,79
2790,20211122,39.0,43
2791,20211122,33.0,82
2792,20211122,49.0,74
2793,20211122,24.0,61
2794,20211122,20.0,64
2795,20211122,26.0,55
2796,20211122,12.0,88
2797,20211122,21.0,63
2798,20211122,10.0,67
2799,20211122,9.0,69
2800,20211122,19.0,68
2801,20211122,11.0,72
2802,20211122,27.0,57
2803,20211122,15.0,71
2804,20211122,13.0,75
2805,20211122,76.0,62
2806,20211122,54.0,43
2807,20211122,52.0,32
2808,20211201,74.0,43
2809,20211201,71.0,37
2810,20211201,72.0,55
2811,20211201,63.0,38
2812,20211201,64.0,61
2813,20211201,69.0,61
2814,20211201,73.0,51
2815,20211201,70.0,43
2816,20211201,56.0,104
2817,20211201,43.0,100
2818,20211201,75.0,100
2819,20211201,41.0,114
2820,20211201,34.0,107
2821,20211201,35.0,111
2822,20211201,36.0,101
2823,20211201,47.0,94
2824,20211201,40.0,105
2825,20211201,44.0,114
2826,20211201,53.0,103
2827,20211201,31.0,99
2828,20211201,0.0,77
2829,20211201,5.0,55
2830,20211201,3.0,70
2831,20211201,2.0,69
2832,20211201,1.0,79
2833,20211201,7.0,75
2834,20211201,6.0,69
2835,20211201,4.0,80
2836,20211201,8.0,94
2837,20211201,45.0,114
2838,20211201,57.0,92
2839,20211201,38.0,111
2840,20211201,29.0,108
2841,20211201,37.0,119
2842,20211201,39.0,90
2843,20211201,33.0,121
2844,20211201,49.0,119
2845,20211201,24.0,111
2846,20211201,20.0,106
2847,20211201,26.0,115
2848,20211201,12.0,111
2849,20211201,21.0,114
2850,20211201,10.0,118
2851,20211201,9.0,114
2852,20211201,19.0,108
2853,20211201,11.0,134
2854,20211201,27.0,114
2855,20211201,15.0,108
2856,20211201,13.0,111
2857,20211201,76.0,110
2858,20211201,54.0,105
2859,20211201,52.0,78
2860,20211208,74.0,87
2861,20211208,71.0,89
2862,20211208,72.0,102
2863,20211208,63.0,80
2864,20211208,64.0,87
2865,20211208,69.0,88
2866,20211208,73.0,72
2867,20211208,70.0,90
2868,20211208,56.0,150
2869,20211208,43.0,464
2870,20211208,75.0,305
2871,20211208,41.0,143
2872,20211208,34.0,269
2873,20211208,35.0,198
2874,20211208,36.0,162
2875,20211208,47.0,118
2876,20211208,40.0,132
2877,20211208,44.0,120
2878,20211208,53.0,108
2879,20211208,31.0,110
2880,20211208,0.0,82
2881,20211208,5.0,69
2882,20211208,3.0,86
2883,20211208,2.0,102
2884,20211208,1.0,111
2885,20211208,7.0,94
2886,20211208,6.0,115
2887,20211208,4.0,104
2888,20211208,8.0,119
2889,20211208,45.0,146
2890,20211208,57.0,128
2891,20211208,38.0,145
2892,20211208,29.0,129
2893,20211208,37.0,148
2894,20211208,39.0,113
2895,20211208,33.0,134
2896,20211208,49.0,130
2897,20211208,24.0,130
2898,20211208,20.0,125
2899,20211208,26.0,128
2900,20211208,12.0,116
2901,20211208,21.0,117
2902,20211208,10.0,126
2903,20211208,9.0,121
2904,20211208,19.0,126
2905,20211208,11.0,135
2906,20211208,27.0,126
2907,20211208,15.0,122
2908,20211208,13.0,124
2909,20211208,76.0,114
2910,20211208,54.0,110
2911,20211208,52.0,73
2912,20211215,74.0,71
2913,20211215,71.0,72
2914,20211215,72.0,82
2915,20211215,63.0,72
2916,20211215,64.0,124
2917,20211215,69.0,104
2918,20211215,73.0,107
2919,20211215,70.0,118
2920,20211215,56.0,129
2921,20211215,43.0,438
2922,20211215,75.0,363
2923,20211215,41.0,372
2924,20211215,34.0,278
2925,20211215,35.0,210
2926,20211215,36.0,179
2927,20211215,47.0,115
2928,20211215,40.0,118
2929,20211215,44.0,120
2930,20211215,53.0,99
2931,20211215,31.0,100
2932,20211215,0.0,78
2933,20211215,5.0,76
2934,20211215,3.0,79
2935,20211215,2.0,80
2936,20211215,1.0,138
2937,20211215,7.0,117
2938,20211215,6.0,101
2939,20211215,4.0,84
2940,20211215,8.0,94
2941,20211215,45.0,130
2942,20211215,57.0,106
2943,20211215,38.0,127
2944,20211215,29.0,124
2945,20211215,37.0,144
2946,20211215,39.0,91
2947,20211215,33.0,124
2948,20211215,49.0,123
2949,20211215,24.0,109
2950,20211215,20.0,117
2951,20211215,26.0,104
2952,20211215,12.0,95
2953,20211215,21.0,106
2954,20211215,10.0,107
2955,20211215,9.0,106
2956,20211215,19.0,114
2957,20211215,11.0,118
2958,20211215,27.0,92
2959,20211215,15.0,109
2960,20211215,13.0,108
2961,20211215,76.0,121
2962,20211215,54.0,109
2963,20211215,52.0,80
2964,20211222,74.0,83
2965,20211222,71.0,67
2966,20211222,72.0,106
2967,20211222,63.0,67
2968,20211222,64.0,89
2969,20211222,69.0,102
2970,20211222,73.0,99
2971,20211222,70.0,110
2972,20211222,56.0,128
2973,20211222,43.0,517
2974,20211222,75.0,390
2975,20211222,41.0,360
2976,20211222,34.0,369
2977,20211222,35.0,275
2978,20211222,36.0,195
2979,20211222,47.0,123
2980,20211222,40.0,137
2981,20211222,44.0,121
2982,20211222,53.0,109
2983,20211222,31.0,112
2984,20211222,0.0,81
2985,20211222,5.0,70
2986,20211222,3.0,71
2987,20211222,2.0,78
2988,20211222,1.0,145
2989,20211222,7.0,128
2990,20211222,6.0,103
2991,20211222,4.0,90
2992,20211222,8.0,104
2993,20211222,45.0,174
2994,20211222,57.0,94
2995,20211222,38.0,137
2996,20211222,29.0,109
2997,20211222,37.0,128
2998,20211222,39.0,95
2999,20211222,33.0,128
3000,20211222,49.0,137
3001,20211222,24.0,91
3002,20211222,20.0,97
3003,20211222,26.0,96
3004,20211222,12.0,85
3005,20211222,21.0,92
3006,20211222,10.0,95
3007,20211222,9.0,87
3008,20211222,19.0,89
3009,20211222,11.0,98
3010,20211222,27.0,78
3011,20211222,15.0,87
3012,20211222,13.0,98
3013,20211222,76.0,111
3014,20211222,54.0,104
3015,20211222,52.0,73
3016,20220101,74.0,87
3017,20220101,71.0,75
3018,20220101,72.0,89
3019,20220101,63.0,57
3020,20220101,64.0,86
3021,20220101,69.0,78
3022,20220101,73.0,87
3023,20220101,70.0,87
3024,20220101,56.0,126
3025,20220101,43.0,251
3026,20220101,75.0,150
3027,20220101,41.0,113
3028,20220101,34.0,150
3029,20220101,35.0,134
3030,20220101,36.0,143
3031,20220101,47.0,93
3032,20220101,40.0,109
3033,20220101,44.0,105
3034,20220101,53.0,85
3035,20220101,31.0,87
3036,20220101,0.0,45
3037,20220101,5.0,59
3038,20220101,3.0,51
3039,20220101,2.0,80
3040,20220101,1.0,79
3041,20220101,7.0,71
3042,20220101,6.0,86
3043,20220101,4.0,83
3044,20220101,8.0,88
3045,20220101,45.0,110
3046,20220101,57.0,99
3047,20220101,38.0,114
3048,20220101,29.0,105
3049,20220101,37.0,120
3050,20220101,39.0,81
3051,20220101,33.0,105
3052,20220101,49.0,108
3053,20220101,24.0,93
3054,20220101,20.0,101
3055,20220101,26.0,109
3056,20220101,12.0,81
3057,20220101,21.0,104
3058,20220101,10.0,108
3059,20220101,9.0,109
3060,20220101,19.0,111
3061,20220101,11.0,117
3062,20220101,27.0,94
3063,20220101,15.0,114
3064,20220101,13.0,105
3065,20220101,76.0,96
3066,20220101,54.0,86
3067,20220101,52.0,64
3068,20220108,74.0,61
3069,20220108,71.0,61
3070,20220108,72.0,69
3071,20220108,63.0,53
3072,20220108,64.0,65
3073,20220108,69.0,64
3074,20220108,73.0,74
3075,20220108,70.0,57
3076,20220108,56.0,135
3077,20220108,43.0,420
3078,20220108,75.0,206
3079,20220108,41.0,118
3080,20220108,34.0,208
3081,20220108,35.0,164
3082,20220108,36.0,148
3083,20220108,47.0,80
3084,20220108,40.0,110
3085,20220108,44.0,103
3086,20220108,53.0,89
3087,20220108,31.0,81
3088,20220108,0.0,81
3089,20220108,5.0,40
3090,20220108,3.0,65
3091,20220108,2.0,72
3092,20220108,1.0,107
3093,20220108,7.0,97
3094,20220108,6.0,116
3095,20220108,4.0,67
3096,20220108,8.0,93
3097,20220108,45.0,155
3098,20220108,57.0,88
3099,20220108,38.0,117
3100,20220108,29.0,103
3101,20220108,37.0,116
3102,20220108,39.0,73
3103,20220108,33.0,105
3104,20220108,49.0,105
3105,20220108,24.0,104
3106,20220108,20.0,89
3107,20220108,26.0,94
3108,20220108,12.0,92
3109,20220108,21.0,91
3110,20220108,10.0,99
3111,20220108,9.0,91
3112,20220108,19.0,94
3113,20220108,11.0,101
3114,20220108,27.0,76
3115,20220108,15.0,96
3116,20220108,13.0,96
3117,20220108,76.0,82
3118,20220108,54.0,76
3119,20220108,52.0,51
3120,20220115,74.0,85
3121,20220115,71.0,73
3122,20220115,72.0,82
3123,20220115,63.0,71
3124,20220115,64.0,88
3125,20220115,69.0,80
3126,20220115,73.0,80
3127,20220115,70.0,92
3128,20220115,56.0,187
3129,20220115,43.0,99
3130,20220115,75.0,208
3131,20220115,41.0,145
3132,20220115,34.0,270
3133,20220115,35.0,238
3134,20220115,36.0,133
3135,20220115,47.0,77
3136,20220115,40.0,147
3137,20220115,44.0,165
3138,20220115,53.0,100
3139,20220115,31.0,89
3140,20220115,0.0,78
3141,20220115,5.0,42
3142,20220115,3.0,83
3143,20220115,2.0,81
3144,20220115,1.0,104
3145,20220115,7.0,86
3146,20220115,6.0,122
3147,20220115,4.0,90
3148,20220115,8.0,118
3149,20220115,45.0,144
3150,20220115,57.0,101
3151,20220115,38.0,149
3152,20220115,29.0,112
3153,20220115,37.0,133
3154,20220115,39.0,80
3155,20220115,33.0,117
3156,20220115,49.0,131
3157,20220115,24.0,88
3158,20220115,20.0,111
3159,20220115,26.0,90
3160,20220115,12.0,76
3161,20220115,21.0,90
3162,20220115,10.0,110
3163,20220115,9.0,93
3164,20220115,19.0,93
3165,20220115,11.0,114
3166,20220115,27.0,84
3167,20220115,15.0,104
3168,20220115,13.0,107
3169,20220115,76.0,91
3170,20220115,54.0,86
3171,20220115,52.0,65
3172,20220122,74.0,60
3173,20220122,71.0,55
3174,20220122,72.0,65
3175,20220122,63.0,49
3176,20220122,64.0,60
3177,20220122,69.0,60
3178,20220122,73.0,58
3179,20220122,70.0,52
3180,20220122,56.0,81
3181,20220122,43.0,74
3182,20220122,75.0,85
3183,20220122,41.0,72
3184,20220122,34.0,72
3185,20220122,35.0,74
3186,20220122,36.0,40
3187,20220122,47.0,88
3188,20220122,40.0,163
3189,20220122,44.0,139
3190,20220122,53.0,75
3191,20220122,31.0,76
3192,20220122,0.0,57
3193,20220122,5.0,50
3194,20220122,3.0,68
3195,20220122,2.0,81
3196,20220122,1.0,70
3197,20220122,7.0,58
3198,20220122,6.0,127
3199,20220122,4.0,73
3200,20220122,8.0,82
3201,20220122,45.0,90
3202,20220122,57.0,54
3203,20220122,38.0,104
3204,20220122,29.0,73
3205,20220122,37.0,109
3206,20220122,39.0,76
3207,20220122,33.0,92
3208,20220122,49.0,102
3209,20220122,24.0,68
3210,20220122,20.0,61
3211,20220122,26.0,85
3212,20220122,12.0,65
3213,20220122,21.0,77
3214,20220122,10.0,82
3215,20220122,9.0,112
3216,20220122,19.0,110
3217,20220122,11.0,93
3218,20220122,27.0,90
3219,20220122,15.0,105
3220,20220122,13.0,85
3221,20220122,76.0,83
3222,20220122,54.0,101
3223,20220122,52.0,68
